ba,region,year,days,hours,peak_hour_pct_error_mean,peak_hour_abs_pct_error_mean,worst_under_forecast_pct,under_forecast_day_share,mean_demand_mw,imputed_share,hours_implausible,mape,bias_pct,rmse_mw
AEC,SE,2015,184,4411,0.914302,0.914302,0.633394,0.000000,517.743505,0.000000,1,0.916220,0.916220,508.627491
AEC,SE,2016,366,8772,0.947748,0.947748,0.653750,0.000000,517.085153,0.000000,0,0.938449,0.938449,517.495365
AEC,SE,2017,365,8748,0.929974,0.929974,0.424528,0.000000,507.480093,0.000000,0,0.926718,0.926718,498.186350
AEC,SE,2018,350,8391,0.951906,0.951906,0.643519,0.000000,529.616190,0.000000,0,0.954606,0.954606,537.587566
AEC,SE,2019,358,8580,0.946104,0.946104,0.624650,0.000000,538.666308,0.000000,0,0.946269,0.946269,540.136037
AEC,SE,2020,365,8747,0.932374,0.932374,0.397377,0.000000,528.104991,0.000000,1,0.935888,0.935888,524.946889
AEC,SE,2021,243,5822,0.942004,0.942004,0.410290,0.000000,555.089909,0.000000,1,0.939147,0.939147,551.559965
AECI,MIDW,2015,184,4417,-0.038431,0.052694,-0.154165,0.847826,2182.802536,0.000000,0,0.045812,-0.031608,131.286992
AECI,MIDW,2016,366,8784,-0.043226,0.051743,-0.165305,0.855191,2234.713922,0.000000,0,0.046906,-0.030784,141.549880
AECI,MIDW,2017,365,8760,-0.049405,0.057752,-0.218732,0.884932,2246.976416,0.000000,0,0.049390,-0.038475,151.130930
AECI,MIDW,2018,365,8755,-0.055005,0.071724,-0.232963,0.827397,2589.165367,0.000000,0,0.064870,-0.045481,217.431899
AECI,MIDW,2019,365,8760,-0.009685,0.037131,-0.173980,0.594521,2680.070650,0.000000,0,0.038842,0.008262,148.142512
AECI,MIDW,2020,365,8760,-0.005604,0.034584,-0.128803,0.556164,2616.921874,0.000000,0,0.035257,0.010921,124.840062
AECI,MIDW,2021,365,8760,-0.009238,0.033653,-0.151580,0.561644,2713.555255,0.000000,0,0.033631,0.003951,128.470752
AECI,MIDW,2022,365,8760,-0.009179,0.035948,-0.173589,0.600000,2896.612518,0.000000,0,0.035287,0.004285,160.934177
AECI,MIDW,2023,365,8760,-0.005605,0.035867,-0.154859,0.564384,2709.375040,0.000000,0,0.035828,0.008864,129.661083
AECI,MIDW,2024,366,8784,-0.012681,0.037895,-0.135035,0.639344,2477.258741,0.000000,0,0.035960,0.002118,121.446110
AECI,MIDW,2025,365,8760,-0.006367,0.014407,-0.071282,0.682192,2547.767068,0.000000,0,0.015471,-0.001368,52.667867
AECI,MIDW,2026,181,4343,-0.009252,0.016518,-0.102642,0.712707,2435.628073,0.000000,0,0.017892,-0.003569,59.767656
AVA,NW,2015,148,3553,0.055643,0.066034,-0.093407,0.216216,1342.116475,0.000000,0,0.090703,0.081576,134.482728
AVA,NW,2016,366,8784,0.071869,0.081373,-0.054348,0.275956,1326.188763,0.000000,0,0.104498,0.097879,151.135194
AVA,NW,2017,365,8760,0.061186,0.070331,-0.079803,0.271233,1397.805056,0.000000,0,0.091818,0.084979,143.840998
AVA,NW,2018,365,8758,0.069283,0.079419,-0.180195,0.224658,1355.803586,0.000000,1,0.099281,0.092871,148.816104
AVA,NW,2019,365,8748,0.001221,0.018553,-0.200221,0.476712,1480.066651,0.000000,9,0.019087,0.008960,38.984493
AVA,NW,2020,366,8774,0.000995,0.021176,-0.075932,0.516393,1394.374912,0.000000,6,0.019502,0.007817,37.719905
AVA,NW,2021,365,8759,-0.005204,0.018979,-0.131833,0.597260,1425.222745,0.000000,1,0.018179,0.001853,38.941286
AVA,NW,2022,365,8760,-0.005487,0.020435,-0.246092,0.613699,1491.761198,0.000000,0,0.019813,0.003335,42.949523
AVA,NW,2023,365,8760,-0.003595,0.020814,-0.114930,0.567123,1492.757057,0.000000,0,0.018712,0.004591,39.305869
AVA,NW,2024,365,8760,-0.004599,0.019786,-0.393871,0.558904,1473.957279,0.000000,0,0.016975,0.003564,39.538397
AVA,NW,2025,365,8757,-0.004088,0.019653,-0.143824,0.578082,1602.217364,0.000000,3,0.017156,0.003504,37.507991
AVA,NW,2026,181,4343,-0.008740,0.018482,-0.173681,0.629834,1450.506766,0.000000,0,0.016711,-0.001242,36.392332
AZPS,SW,2015,182,4367,-0.005290,0.036430,-0.109298,0.565934,3914.757256,0.000000,0,0.035354,0.004839,205.733335
AZPS,SW,2016,366,8784,-0.006474,0.028903,-0.459922,0.576503,3569.268329,0.000000,0,0.027555,0.002053,158.868783
AZPS,SW,2017,365,8757,-0.016097,0.031300,-0.404340,0.654795,3527.999460,0.000000,1,0.029815,-0.005252,161.686751
AZPS,SW,2018,365,8754,-0.000136,0.026383,-0.172983,0.501370,3839.975228,0.000000,6,0.029537,0.007301,159.950536
AZPS,SW,2019,353,8471,0.015400,0.032756,-0.609427,0.294618,3401.026086,0.000000,0,0.036612,0.021842,173.058919
AZPS,SW,2020,364,8734,0.021563,0.033153,-0.444750,0.222527,3517.081845,0.000000,2,0.036965,0.026775,170.567211
AZPS,SW,2021,364,8736,0.005052,0.027928,-0.523843,0.365385,3523.172734,0.000000,0,0.035518,0.016809,202.478324
AZPS,SW,2022,365,8760,0.003620,0.030665,-0.469347,0.334247,3655.169977,0.000000,0,0.036848,0.013060,193.495636
AZPS,SW,2023,365,8758,-0.023419,0.037608,-0.652121,0.673973,3832.114498,0.000000,0,0.034787,-0.006844,214.627765
AZPS,SW,2024,366,8783,-0.019484,0.032089,-0.641479,0.691257,4098.431011,0.000000,1,0.041068,-0.016088,261.799164
AZPS,SW,2025,365,8759,-0.054091,0.068656,-0.621274,0.720548,4433.584932,0.000000,1,0.102030,-0.067008,521.145242
AZPS,SW,2026,180,4319,-0.045214,0.071970,-0.602359,0.677778,4283.767593,0.000000,1,0.093382,-0.029677,481.835009
BANC,CAL,2015,184,4417,0.010560,0.050798,-0.303445,0.423913,2072.408188,0.000000,0,0.041523,0.002431,142.714240
BANC,CAL,2016,366,8784,0.007039,0.030838,-0.106642,0.500000,1986.576640,0.000000,0,0.026266,0.001937,86.765145
BANC,CAL,2017,365,8760,0.003558,0.033037,-0.162459,0.484932,2083.261917,0.000000,0,0.031634,0.000219,105.734368
BANC,CAL,2018,347,8326,0.014258,0.033691,-0.180941,0.357349,1948.954694,0.000000,0,0.031008,0.016435,100.985810
BANC,CAL,2019,335,7970,-0.000450,0.034256,-0.353285,0.435821,-208.004586,0.000000,26,0.027490,0.001775,87.081811
BANC,CAL,2020,361,8635,-0.027739,0.052699,-0.626356,0.631579,2034.369204,0.000115,21,0.029531,-0.007798,134.874531
BANC,CAL,2021,363,8709,-0.023386,0.046958,-0.619324,0.614325,1980.682472,0.000000,2,0.026193,-0.005498,106.214409
BANC,CAL,2022,363,8708,-0.006555,0.040560,-0.603361,0.479339,2374.371009,0.000000,2,0.025177,0.004949,99.109026
BANC,CAL,2023,365,8759,-0.013214,0.038085,-0.491425,0.575342,1948.312416,0.000000,1,0.022922,0.004692,83.409393
BANC,CAL,2024,366,8784,-0.002899,0.026997,-0.482640,0.554645,2038.093472,0.000000,0,0.021396,0.002760,78.200311
BANC,CAL,2025,363,8707,-0.007108,0.036782,-0.508569,0.517906,2009.374731,0.000000,4,0.023994,0.003359,92.204134
BANC,CAL,2026,179,4283,-0.044684,0.070662,-0.484615,0.463687,1921.074842,0.000000,10,0.026587,0.011133,108.728939
BHBA,NW,2026,28,672,0.006057,0.046566,-0.101594,0.392857,863.744048,0.000000,0,0.038656,0.017419,41.700373
BPAT,NW,2015,182,4369,-0.006703,0.022814,-0.221028,0.615385,6111.793727,0.000000,0,0.019801,0.000343,173.817331
BPAT,NW,2016,366,8784,-0.013867,0.026079,-0.499165,0.644809,6144.406538,0.000000,0,0.021205,0.000842,218.483405
BPAT,NW,2017,365,8760,-0.009094,0.023061,-0.428945,0.643836,6439.721652,0.000000,0,0.021485,-0.000453,195.964569
BPAT,NW,2018,365,8760,-0.006192,0.018687,-0.089861,0.613699,6323.623836,0.000000,0,0.018288,0.000927,155.767724
BPAT,NW,2019,365,8760,-0.003709,0.020190,-0.082507,0.567123,6375.868027,0.000000,0,0.018971,0.000265,171.530922
BPAT,NW,2020,366,8784,-0.001808,0.022693,-0.417987,0.530055,6249.372105,0.000000,0,0.020321,0.001550,184.669741
BPAT,NW,2021,365,8760,0.001170,0.022045,-0.193512,0.468493,6374.452708,0.000000,0,0.020784,0.004590,184.352529
BPAT,NW,2022,365,8760,0.002134,0.020824,-0.087763,0.454795,6658.767033,0.000000,0,0.020881,0.004478,184.579634
BPAT,NW,2023,365,8760,-0.003610,0.020259,-0.088008,0.578082,6582.828657,0.000000,0,0.020413,0.000007,181.021535
BPAT,NW,2024,366,8784,-0.006748,0.021616,-0.155098,0.612022,6725.043299,0.000000,0,0.019779,-0.002238,180.055676
BPAT,NW,2025,365,8760,-0.001258,0.019126,-0.099126,0.534247,6975.980284,0.000000,0,0.020081,0.002858,182.923366
BPAT,NW,2026,181,4343,-0.011045,0.020593,-0.196241,0.685083,7387.935273,0.000000,0,0.018605,-0.003880,182.930506
CHPD,NW,2015,184,4417,0.068652,0.084460,-0.198364,0.326087,420.575308,0.000000,0,0.098790,0.088857,74.231312
CHPD,NW,2016,274,6402,1.074157,1.074157,0.553191,0.000000,210.107589,0.000000,174,1.307750,1.307750,258.250507
CHPD,NW,2017,308,7251,1.023534,1.023534,0.461053,0.000000,223.885523,0.000000,139,1.260845,1.260845,260.433588
CHPD,NW,2018,301,7071,1.051944,1.051944,0.566667,0.000000,211.911268,0.000000,152,1.294068,1.294068,260.430071
CHPD,NW,2019,264,6215,0.973888,0.973888,0.509719,0.000000,232.005840,0.000000,121,1.202123,1.202123,260.918270
CHPD,NW,2020,277,6522,1.016280,1.016280,0.536946,0.000000,219.738436,0.000000,127,1.256564,1.256564,260.558520
CHPD,NW,2021,342,8125,0.496045,0.526698,-0.119438,0.374269,215.864740,0.000000,82,0.639739,0.613462,183.147346
CHPD,NW,2022,365,8760,-0.009737,0.033496,-0.217593,0.589041,228.206039,0.000000,0,0.034556,0.005344,11.234812
CHPD,NW,2023,365,8759,-0.013547,0.031542,-0.117021,0.632877,225.600145,0.000000,1,0.033944,0.001667,10.722309
CHPD,NW,2024,366,8783,-0.004461,0.029538,-0.159574,0.538251,224.706965,0.000000,0,0.030950,0.011442,9.715391
CHPD,NW,2025,365,8760,-0.016708,0.033174,-0.089936,0.679452,226.379428,0.000000,0,0.029739,0.002799,9.671830
CHPD,NW,2026,181,4343,-0.008526,0.035552,-0.126492,0.552486,226.057160,0.000000,0,0.034081,0.004284,11.254011
CISO,CAL,2015,184,4411,-0.002272,0.022644,-0.081976,0.548913,28016.201184,0.000000,0,0.040777,0.001738,1446.256260
CISO,CAL,2016,356,8539,-0.007367,0.021650,-0.085899,0.620787,26350.244809,0.000000,0,0.032890,0.000202,1152.614583
CISO,CAL,2017,364,8724,0.005207,0.017015,-0.060530,0.409341,26390.942586,0.000000,0,0.018743,-0.001767,677.373462
CISO,CAL,2018,362,8683,0.002476,0.017026,-0.100798,0.480663,25759.729535,0.000000,0,0.019730,-0.005783,676.540804
CISO,CAL,2019,365,8748,0.034106,0.041609,-0.147830,0.232877,24446.390610,0.000000,3,0.042465,0.029966,1513.869483
CISO,CAL,2020,366,8781,0.008855,0.023310,-0.075182,0.390710,24814.239746,0.000000,0,0.023233,0.004025,857.368906
CISO,CAL,2021,365,8755,0.003906,0.017390,-0.063946,0.432877,25022.810295,0.000000,0,0.020889,-0.008080,712.772002
CISO,CAL,2022,365,8757,-0.003030,0.017942,-0.072173,0.553425,25533.048691,0.000000,0,0.035603,-0.017130,1230.005001
CISO,CAL,2023,365,8758,-0.010246,0.021985,-0.111737,0.690411,24906.569206,0.000000,0,0.055043,-0.022568,1660.848907
CISO,CAL,2024,363,8711,-0.023616,0.033256,-0.246099,0.730028,25521.986216,0.000000,0,0.069747,-0.045085,2278.904167
CISO,CAL,2025,361,8664,-0.061332,0.067101,-0.346493,0.800554,25617.326408,0.000000,0,0.081540,-0.064242,2923.182960
CISO,CAL,2026,179,4290,-0.124093,0.130582,-0.416693,0.798883,24919.826425,0.000000,0,0.097836,-0.093325,3883.595722
CPLE,CAR,2015,183,4392,0.007097,0.035486,-0.139355,0.480874,6852.335610,0.000000,0,0.033256,0.006366,328.667741
CPLE,CAR,2016,365,8759,-0.001107,0.038037,-0.565081,0.498630,7000.770658,0.000000,0,0.038171,0.011520,402.621472
CPLE,CAR,2017,365,8760,-0.004807,0.036267,-0.242286,0.558904,6900.786989,0.000000,0,0.036433,0.000781,345.505527
CPLE,CAR,2018,352,8448,0.004812,0.041375,-0.183060,0.474432,7180.863087,0.000000,0,0.041017,0.012784,436.104252
CPLE,CAR,2019,362,8687,0.007350,0.038738,-0.179493,0.419890,7071.892666,0.000000,0,0.040192,0.010768,392.924037
CPLE,CAR,2020,366,8783,0.011774,0.038039,-0.098326,0.428962,6780.193504,0.000000,0,0.042214,0.015479,395.716995
CPLE,CAR,2021,365,8760,0.015623,0.042474,-0.180916,0.375342,6991.016147,0.000000,0,0.042541,0.013817,422.727543
CPLE,CAR,2022,364,8737,0.006538,0.040065,-0.226972,0.483516,7071.624721,0.000000,0,0.040401,0.013453,418.980537
CPLE,CAR,2023,365,8760,0.011115,0.040127,-0.203795,0.427397,6758.130071,0.000000,0,0.042286,0.020857,416.483934
CPLE,CAR,2024,366,8784,0.009137,0.038627,-0.113781,0.467213,6982.440314,0.000000,0,0.038665,0.013670,399.190179
CPLE,CAR,2025,364,8735,0.009926,0.040278,-0.179582,0.447802,7218.344128,0.000000,0,0.042792,0.018373,449.446757
CPLE,CAR,2026,161,3863,-0.009727,0.043077,-0.164894,0.602484,6834.769286,0.000000,0,0.037661,0.006480,395.898955
CPLW,CAR,2015,183,4392,-0.009619,0.035465,-0.210263,0.557377,536.755009,0.000000,0,0.031468,0.008335,27.255249
CPLW,CAR,2016,363,8711,-0.009775,0.037475,-0.439689,0.581267,566.441331,0.000000,0,0.035747,0.007679,30.439587
CPLW,CAR,2017,365,8760,-0.036163,0.051311,-0.237360,0.750685,563.922033,0.000000,0,0.038493,-0.007296,30.584104
CPLW,CAR,2018,358,8592,-0.020417,0.045387,-0.290532,0.664804,597.208659,0.000000,0,0.041842,-0.004813,36.782088
CPLW,CAR,2019,362,8688,-0.009784,0.041306,-0.207426,0.569061,582.790373,0.000000,0,0.042150,0.008302,35.497391
CPLW,CAR,2020,366,8783,-0.017356,0.049779,-0.170758,0.647541,563.251399,0.000000,0,0.046498,-0.000060,36.443311
CPLW,CAR,2021,364,8735,-0.004920,0.047441,-0.218375,0.494505,576.595921,0.000000,0,0.044304,0.009614,39.197074
CPLW,CAR,2022,365,8760,-0.011718,0.047637,-0.249610,0.564384,588.173227,0.000000,0,0.042190,0.008462,36.944987
CPLW,CAR,2023,365,8760,0.002161,0.047592,-0.230961,0.479452,548.331542,0.000000,0,0.045633,0.024685,34.498026
CPLW,CAR,2024,364,8736,-0.013611,0.063747,-0.330709,0.612637,540.076615,0.000000,0,0.057943,0.011714,41.611338
CPLW,CAR,2025,364,8735,-0.016735,0.045451,-0.246957,0.626374,552.261069,0.000000,0,0.042226,0.001062,36.137870
CPLW,CAR,2026,156,3743,-0.012304,0.047109,-0.272464,0.583333,513.570559,0.000000,0,0.042240,0.011410,36.478336
DOPD,NW,2015,182,4326,0.070749,0.072787,-0.039773,0.065934,172.242264,0.000000,0,0.085446,0.083430,17.392972
DOPD,NW,2016,347,7971,0.076449,0.080578,-0.074766,0.074928,170.053803,0.000000,1,0.094914,0.091991,17.992949
DOPD,NW,2017,347,8219,0.070691,0.075498,-0.359431,0.080692,182.506141,0.000000,0,0.095242,0.091770,19.629390
DOPD,NW,2018,346,8304,0.062572,0.074993,-0.191589,0.147399,184.976677,0.000000,0,0.090311,0.082274,19.850474
DOPD,NW,2019,344,8256,0.058711,0.069452,-0.146119,0.145349,207.776047,0.000000,0,0.086023,0.074752,21.905220
DOPD,NW,2020,312,7487,0.068973,0.076606,-0.135870,0.096154,198.349299,0.000000,1,0.091933,0.083750,21.148546
DOPD,NW,2021,365,8760,0.016944,0.046856,-0.175497,0.358904,227.864110,0.000000,0,0.051033,0.028491,15.315853
DOPD,NW,2022,365,8760,0.011257,0.044340,-0.131749,0.413699,244.868753,0.000000,0,0.048178,0.023807,15.187545
DOPD,NW,2023,365,8760,-0.044336,0.064447,-0.239496,0.745205,255.581400,0.000000,0,0.066493,-0.040175,20.802680
DOPD,NW,2024,366,8784,-0.092196,0.093809,-0.272556,0.961749,271.939530,0.000000,0,0.099995,-0.097894,29.619631
DOPD,NW,2025,365,8759,0.025221,0.056615,-0.143885,0.317808,277.950756,0.000000,1,0.064462,0.033553,22.093141
DOPD,NW,2026,181,4343,0.010392,0.040332,-0.131488,0.403315,279.852340,0.000000,0,0.043424,0.022883,15.479228
DUK,CAR,2015,184,4417,0.006203,0.026155,-0.087360,0.472826,11579.819475,0.000000,0,0.025945,0.006716,441.624182
DUK,CAR,2016,366,8782,0.003067,0.026595,-0.099645,0.475410,11921.962520,0.000000,0,0.025914,0.007616,442.329801
DUK,CAR,2017,365,8760,0.002232,0.028556,-0.147975,0.504110,11652.254423,0.000000,0,0.027257,0.006423,468.006386
DUK,CAR,2018,363,8712,-0.005261,0.030922,-0.139960,0.589532,12346.414518,0.000000,0,0.028952,0.002069,494.197529
DUK,CAR,2019,364,8736,-0.001226,0.028795,-0.109403,0.516484,12192.535339,0.000000,0,0.026691,0.005231,467.538567
DUK,CAR,2020,366,8783,0.004364,0.028760,-0.110787,0.478142,11515.693545,0.000000,0,0.028074,0.008046,460.270864
DUK,CAR,2021,365,8759,0.001919,0.029516,-0.121142,0.498630,11941.585149,0.000000,0,0.028222,0.003848,480.147758
DUK,CAR,2022,365,8760,-0.002819,0.028510,-0.133237,0.512329,12292.963075,0.000000,0,0.028899,0.003414,533.411222
DUK,CAR,2023,365,8760,0.005904,0.029201,-0.087828,0.460274,11937.701484,0.000000,0,0.025267,0.006627,439.441180
DUK,CAR,2024,366,8784,0.001708,0.031189,-0.123106,0.491803,12310.137199,0.000000,0,0.028644,0.005512,523.252347
DUK,CAR,2025,364,8735,0.004575,0.028496,-0.130756,0.450549,12541.949415,0.000000,0,0.025733,0.005602,448.101985
DUK,CAR,2026,180,4319,-0.018948,0.046770,-0.376675,0.555556,12502.567572,0.000000,0,0.044181,-0.007648,1222.267342
EPE,SW,2015,184,4396,-0.006091,0.033261,-0.147643,0.576087,1025.761096,0.000000,19,0.030747,0.007283,46.858280
EPE,SW,2016,366,8781,0.005750,0.033322,-0.320458,0.445355,956.073201,0.000000,0,0.031770,0.014248,45.137452
EPE,SW,2017,364,8720,0.000508,0.034156,-0.520735,0.414835,951.741619,0.000000,1,0.032475,0.013404,50.589851
EPE,SW,2018,365,8758,0.011026,0.034441,-0.116156,0.408219,981.160984,0.000000,0,0.031636,0.017760,42.278130
EPE,SW,2019,365,8759,-0.002501,0.030555,-0.482759,0.501370,974.569610,0.000000,0,0.029651,0.011156,48.448302
EPE,SW,2020,366,8782,0.003767,0.036838,-0.400868,0.483607,986.227380,0.000000,0,0.038490,0.017955,51.954221
EPE,SW,2021,365,8758,-0.007436,0.038982,-0.369841,0.542466,985.710482,0.000000,0,0.037768,0.014308,54.752427
EPE,SW,2022,365,8760,-0.012521,0.033542,-0.398801,0.632877,1014.910616,0.000000,0,0.032304,0.000183,48.130531
EPE,SW,2023,365,8759,-0.023913,0.036557,-0.299435,0.772603,1044.040396,0.000000,0,0.033291,-0.007828,52.043154
EPE,SW,2024,366,8784,-0.010593,0.039315,-0.402128,0.617486,1053.760474,0.000000,0,0.031881,0.004322,50.311677
EPE,SW,2025,365,8760,-0.013354,0.040896,-0.546555,0.586301,1046.026027,0.000000,0,0.031258,0.001447,54.166633
EPE,SW,2026,179,4294,-0.021235,0.038264,-0.144847,0.692737,996.881116,0.000000,0,0.033174,-0.004970,49.167785
ERCO,TEX,2015,184,4417,0.000007,0.026840,-0.091941,0.489130,41527.176214,0.000000,0,0.025365,0.002610,1425.353789
ERCO,TEX,2016,363,8712,0.003477,0.025945,-0.114694,0.484848,39988.870688,0.000000,0,0.026162,0.001584,1387.089019
ERCO,TEX,2017,362,8688,0.004466,0.026695,-0.149778,0.475138,40835.163654,0.000000,0,0.025877,0.002815,1460.256749
ERCO,TEX,2018,359,8616,0.002520,0.025711,-0.121426,0.481894,42971.776547,0.000000,0,0.023502,0.003071,1410.317538
ERCO,TEX,2019,365,8760,-0.001730,0.024919,-0.100983,0.561644,43797.535476,0.000000,0,0.023535,0.002809,1445.485824
ERCO,TEX,2020,366,8784,-0.001450,0.023684,-0.081708,0.579235,43376.887680,0.000000,0,0.022148,0.003417,1353.166427
ERCO,TEX,2021,365,8760,0.007569,0.030293,-0.143601,0.463014,44808.002606,0.000000,0,0.028797,0.006435,2509.311040
ERCO,TEX,2022,365,8760,0.006101,0.026838,-0.114397,0.413699,49156.368868,0.000000,0,0.027857,0.001868,1813.948134
ERCO,TEX,2023,365,8760,0.009843,0.025640,-0.084433,0.375342,51007.155236,0.000000,0,0.026040,0.004229,1771.617360
ERCO,TEX,2024,366,8784,0.003808,0.022196,-0.094257,0.456284,52778.634062,0.000000,0,0.021562,0.004206,1644.688057
ERCO,TEX,2025,362,8688,0.010038,0.023681,-0.113598,0.350829,55744.523480,0.000000,0,0.024606,0.012294,1857.452348
ERCO,TEX,2026,181,4343,0.003214,0.020018,-0.065911,0.453039,54768.653515,0.000000,0,0.019884,0.003374,1590.712416
FMPP,FLA,2015,171,4104,0.002909,0.044689,-0.388366,0.514620,2153.593811,0.000000,0,0.055789,0.016857,165.029382
FMPP,FLA,2016,346,8304,-0.007870,0.043141,-0.274327,0.554913,2072.231214,0.000000,0,0.050577,0.005619,145.960855
FMPP,FLA,2017,357,8568,0.005872,0.050683,-0.567502,0.445378,2069.293651,0.000000,0,0.053125,0.016138,157.559053
FMPP,FLA,2018,362,8685,0.002778,0.045537,-0.324167,0.469613,2115.324355,0.000000,3,0.048047,0.011170,143.616556
FMPP,FLA,2019,358,8591,-0.001343,0.049464,-0.460017,0.446927,2040.477188,0.000000,2,0.050126,0.016325,143.439774
FMPP,FLA,2020,362,8679,-0.015270,0.059891,-0.645271,0.538674,2198.531988,0.000253,8,0.050594,0.011590,163.771369
FMPP,FLA,2021,365,8755,-0.012154,0.044293,-0.343039,0.569863,2099.310790,0.000000,3,0.044485,0.005711,127.269997
FMPP,FLA,2022,364,8732,-0.007719,0.042625,-0.213765,0.546703,2139.792936,0.000000,2,0.046862,0.005517,140.523343
FMPP,FLA,2023,364,8734,-0.005205,0.034642,-0.240377,0.565934,2165.065138,0.000000,0,0.043764,0.012340,127.135508
FMPP,FLA,2024,365,8755,-0.000544,0.032861,-0.165979,0.504110,2179.287636,0.000000,2,0.043027,0.005297,124.464410
FMPP,FLA,2025,343,8218,-0.013229,0.039916,-0.664573,0.577259,2247.148382,0.000121,7,0.042749,-0.000033,136.834363
FMPP,FLA,2026,180,4316,-0.270007,0.273523,-0.532491,0.966667,2138.165529,0.000000,1,0.249165,-0.240727,599.424868
FPC,FLA,2015,183,4391,-0.212069,0.212069,-0.338567,1.000000,6209.371129,0.000000,0,0.195463,-0.195367,1333.296015
FPC,FLA,2016,363,8702,-0.219725,0.219773,-0.441530,0.997245,6093.134265,0.000000,0,0.204051,-0.203882,1359.136416
FPC,FLA,2017,365,8755,-0.222135,0.223780,-0.511368,0.997260,6076.737802,0.000000,0,0.211651,-0.207728,1373.290974
FPC,FLA,2018,364,8730,-0.229485,0.229485,-0.534756,1.000000,6249.161378,0.000000,0,0.212662,-0.212625,1433.598052
FPC,FLA,2019,364,8736,-0.233966,0.233966,-0.480168,1.000000,6229.518443,0.000000,0,0.217508,-0.217422,1447.107481
FPC,FLA,2020,366,8783,-0.228419,0.228765,-0.377624,0.997268,6257.751529,0.000000,0,0.216168,-0.216040,1443.090881
FPC,FLA,2021,365,8758,-0.234275,0.234275,-0.404284,1.000000,6246.141046,0.000000,0,0.225326,-0.225288,1482.326411
FPC,FLA,2022,365,8760,-0.243053,0.243478,-0.416196,0.997260,6467.277379,0.000000,0,0.229720,-0.228813,1574.440648
FPC,FLA,2023,365,8760,-0.241155,0.241168,-0.377394,0.997260,6489.820902,0.000000,0,0.226433,-0.226362,1570.872992
FPC,FLA,2024,366,8783,-0.247217,0.247779,-0.371508,0.997268,6599.915699,0.000000,0,0.234683,-0.232921,1634.599382
FPC,FLA,2025,364,8735,-0.243077,0.243077,-0.342022,1.000000,6641.815645,0.000000,0,0.232704,-0.232701,1640.464080
FPC,FLA,2026,177,4247,-0.266372,0.266372,-0.659898,1.000000,6540.726889,0.000000,0,0.243493,-0.243288,1788.345317
FPL,FLA,2015,183,4387,-0.045699,0.056499,-0.395134,0.819672,15164.291075,0.000000,1,0.045773,-0.034013,911.070383
FPL,FLA,2016,363,8705,-0.060083,0.063357,-0.524568,0.931129,14309.746539,0.000000,0,0.055980,-0.049798,996.321024
FPL,FLA,2017,362,8680,-0.056833,0.065028,-0.352553,0.892265,14392.852333,0.000000,2,0.061649,-0.045453,1094.060471
FPL,FLA,2018,361,8658,-0.051995,0.057663,-0.658713,0.891967,14541.572180,0.000231,1,0.049443,-0.040489,1002.299929
FPL,FLA,2019,365,8755,-0.036038,0.045562,-0.309564,0.857534,14640.382356,0.000000,0,0.044036,-0.030358,839.764939
FPL,FLA,2020,364,8730,-0.031757,0.044331,-0.251117,0.802198,14824.706377,0.000000,1,0.042346,-0.023635,852.569316
FPL,FLA,2021,364,8726,-0.046082,0.054678,-0.447250,0.857143,14713.829504,0.000000,2,0.042905,-0.030515,926.840520
FPL,FLA,2022,342,8203,-0.034788,0.041154,-0.536001,0.821637,15925.478683,0.000000,0,0.035291,-0.018386,820.052833
FPL,FLA,2023,358,8582,-0.012415,0.027788,-0.102352,0.664804,16481.165725,0.000000,6,0.031507,-0.003508,689.462935
FPL,FLA,2024,362,8683,-0.004529,0.032960,-0.654293,0.527624,16518.550812,0.000115,1,0.033398,0.009856,821.136057
FPL,FLA,2025,364,8731,-0.002417,0.027000,-0.111279,0.521978,16740.436772,0.000000,1,0.031826,0.005917,710.361375
FPL,FLA,2026,181,4340,0.006037,0.029007,-0.128442,0.453039,16339.777227,0.000000,0,0.032262,0.007305,672.096643
GCPD,NW,2015,184,4417,-0.023760,0.032760,-0.291598,0.771739,552.823533,0.000000,0,0.029911,-0.015540,20.818333
GCPD,NW,2016,366,8784,-0.022164,0.030227,-0.319756,0.784153,540.214113,0.000000,0,0.027234,-0.015353,19.045480
GCPD,NW,2017,365,8760,-0.016055,0.026032,-0.100840,0.712329,574.301463,0.000000,0,0.026587,-0.012269,19.200171
GCPD,NW,2018,365,8760,-0.016016,0.021121,-0.087948,0.808219,602.186019,0.000000,0,0.021454,-0.011766,16.363546
GCPD,NW,2019,365,8760,-0.015935,0.024975,-0.123631,0.706849,612.229631,0.000000,0,0.026827,-0.012234,21.508833
GCPD,NW,2020,366,8784,-0.019782,0.027157,-0.209469,0.770492,607.145019,0.000000,0,0.025964,-0.013310,20.171467
GCPD,NW,2021,365,8760,-0.020489,0.024799,-0.101804,0.780822,653.354929,0.000000,0,0.026453,-0.016808,23.376553
GCPD,NW,2022,365,8760,-0.016830,0.022713,-0.185676,0.756164,705.113467,0.000000,0,0.023885,-0.012719,22.781369
GCPD,NW,2023,365,8760,-0.016361,0.023461,-0.128272,0.712329,714.051401,0.000000,0,0.023780,-0.009950,22.526121
GCPD,NW,2024,366,8783,-0.017504,0.022117,-0.080834,0.795082,761.132849,0.000000,0,0.020966,-0.011645,20.929799
GCPD,NW,2025,365,8760,-0.014905,0.020747,-0.076577,0.750685,769.432894,0.000000,0,0.020311,-0.012349,20.229753
GCPD,NW,2026,181,4342,-0.013962,0.019640,-0.081044,0.734807,746.988134,0.000000,0,0.019440,-0.011120,19.506433
GVL,FLA,2015,84,2017,-0.103337,0.119604,-0.363636,0.845238,222.750694,0.000000,0,0.098407,-0.064694,30.188944
GVL,FLA,2016,366,8783,-0.069487,0.110597,-0.529248,0.754098,234.223843,0.000114,1,0.100359,-0.022747,33.672448
GVL,FLA,2017,365,8759,-0.055999,0.098468,-0.397727,0.756164,231.164953,0.000000,1,0.089777,-0.029777,28.780397
GVL,FLA,2018,363,8710,-0.041591,0.080099,-0.494000,0.683196,235.786778,0.000000,0,0.072422,-0.022118,24.467054
GVL,FLA,2019,305,7315,-0.042859,0.075081,-0.487518,0.727869,242.476922,0.000137,0,0.066254,-0.020167,22.929346
GVL,FLA,2020,332,7967,-0.051762,0.075883,-0.504762,0.777108,234.045585,0.000000,0,0.067798,-0.017075,22.565832
GVL,FLA,2021,355,8503,-0.038414,0.068227,-0.430730,0.667606,231.756950,0.000000,0,0.064270,-0.016926,22.524008
GVL,FLA,2022,363,8706,-0.052316,0.076887,-0.534091,0.724518,234.005562,0.000000,1,0.071693,-0.025287,25.493559
GVL,FLA,2023,365,8760,-0.114945,0.145558,-0.530303,0.841096,234.522273,0.000000,0,0.117847,-0.070348,38.780039
GVL,FLA,2024,366,8778,-0.126600,0.137087,-0.568396,0.896175,242.569768,0.000000,0,0.110203,-0.093954,39.265456
GVL,FLA,2025,355,8512,-0.118719,0.122714,-0.558929,0.935211,245.793925,0.000000,0,0.108733,-0.098914,36.543666
GVL,FLA,2026,172,4124,-0.134901,0.139736,-0.488166,0.924419,240.950511,0.000000,0,0.119981,-0.105203,35.952381
HST,FLA,2015,144,3364,-0.014329,0.072550,-0.666667,0.569444,67.928269,0.000000,92,0.072936,0.016527,7.107485
HST,FLA,2016,351,8350,-0.003863,0.075668,-0.470588,0.467236,62.132012,0.000000,1,0.073268,0.020123,6.336096
HST,FLA,2017,328,7867,-0.006295,0.066207,-0.307692,0.509146,64.280807,0.000000,0,0.067506,0.021243,6.207228
HST,FLA,2018,295,7071,-0.007837,0.071010,-0.325000,0.562712,67.301924,0.000000,3,0.070293,0.015799,6.752268
HST,FLA,2019,363,8710,-0.012490,0.061252,-0.336449,0.567493,67.053498,0.000000,0,0.064624,0.014580,6.275918
HST,FLA,2020,357,8569,0.032652,0.068899,-0.329897,0.319328,68.603109,0.000000,0,0.086672,0.066688,7.981599
HST,FLA,2021,365,8758,0.024165,0.064168,-0.234375,0.328767,68.107379,0.000000,0,0.079585,0.059441,7.318809
HST,FLA,2022,365,8757,0.013493,0.057883,-0.322581,0.413699,71.079813,0.000000,0,0.069273,0.037796,6.921087
HST,FLA,2023,365,8760,0.004387,0.059737,-0.263158,0.501370,72.248733,0.000000,0,0.068252,0.033464,7.137703
HST,FLA,2024,365,8758,0.006438,0.059577,-0.255102,0.468493,73.100494,0.000000,0,0.066647,0.029415,7.186303
HST,FLA,2025,363,8710,-0.007713,0.060567,-0.469388,0.501377,73.551939,0.000000,0,0.064810,0.020753,7.074761
HST,FLA,2026,181,4343,-0.017775,0.060308,-0.615385,0.596685,70.352740,0.000230,0,0.066083,0.022588,6.587724
IID,CAL,2015,180,4319,0.146106,0.148832,-0.051322,0.055556,383.243519,0.000000,0,0.253192,0.251823,97.443723
IID,CAL,2016,359,8614,0.003722,0.068587,-0.225806,0.540390,417.378714,0.000000,0,0.064593,0.016927,37.472259
IID,CAL,2017,360,8638,-0.009159,0.066392,-0.307317,0.558333,428.824537,0.000000,1,0.061566,0.003566,40.133060
IID,CAL,2018,352,8438,-0.008874,0.060001,-0.553488,0.536932,421.101785,0.000000,10,0.071748,0.030122,38.015505
IID,CAL,2019,359,8614,-0.016203,0.033505,-0.135593,0.671309,417.874418,0.000000,0,0.032594,-0.003390,19.821335
IID,CAL,2020,363,8711,-0.005902,0.033844,-0.120773,0.586777,435.036641,0.000000,0,0.034072,0.001088,23.642996
IID,CAL,2021,364,8735,-0.009804,0.035545,-0.141573,0.582418,437.329791,0.000000,0,0.032065,0.001885,22.611082
IID,CAL,2022,364,8735,-0.009022,0.034404,-0.158986,0.629121,450.070026,0.000000,0,0.032110,-0.001633,23.559257
IID,CAL,2023,361,8663,-0.006575,0.032220,-0.212302,0.551247,429.963210,0.000000,0,0.032995,0.005067,24.568360
IID,CAL,2024,355,8517,-0.001642,0.029859,-0.166316,0.470423,453.295305,0.000000,0,0.032072,0.006109,21.071631
IID,CAL,2025,354,8492,-0.007026,0.038231,-0.186486,0.579096,432.760774,0.000000,0,0.034655,0.004222,24.188248
IID,CAL,2026,178,4270,0.000787,0.033521,-0.173077,0.522472,403.338788,0.000000,0,0.031197,0.005655,19.304621
IPCO,NW,2015,184,4416,-0.000715,0.038424,-0.366892,0.494565,1984.095109,0.000000,0,0.037781,0.017413,106.867342
IPCO,NW,2016,364,8735,0.008791,0.035307,-0.202298,0.414835,1924.374796,0.000000,0,0.035322,0.018055,105.767934
IPCO,NW,2017,362,8687,0.028080,0.048668,-0.244337,0.270718,1915.235727,0.000000,1,0.074673,0.066894,188.762310
IPCO,NW,2018,365,8758,0.023545,0.035912,-0.283651,0.194521,1934.543827,0.000000,0,0.059622,0.055924,146.310334
IPCO,NW,2019,365,8760,0.026868,0.032829,-0.083889,0.145205,1938.757364,0.000000,0,0.048987,0.040961,121.900613
IPCO,NW,2020,366,8784,0.023778,0.029429,-0.101720,0.142077,1983.638258,0.000000,0,0.041114,0.037542,96.741471
IPCO,NW,2021,365,8760,0.008654,0.022375,-0.082078,0.372603,2074.098271,0.000000,0,0.027230,0.019489,74.918699
IPCO,NW,2022,365,8760,0.006893,0.019238,-0.074977,0.328767,2148.085304,0.000000,0,0.022491,0.015187,59.285406
IPCO,NW,2023,365,8760,0.010408,0.021451,-0.066163,0.326027,2087.272408,0.000000,0,0.028286,0.022615,72.903241
IPCO,NW,2024,366,8784,-0.007492,0.024764,-0.214135,0.554645,2135.967809,0.000000,0,0.027374,0.008579,77.218826
IPCO,NW,2025,365,8760,-0.024513,0.051197,-0.356338,0.632877,2160.716526,0.000000,0,0.050149,-0.000392,158.055627
IPCO,NW,2026,181,4343,-0.057792,0.074691,-0.333981,0.773481,2126.601319,0.000000,0,0.064576,-0.036890,194.500255
ISNE,NE,2015,184,4417,0.000698,0.015219,-0.078834,0.451087,14700.997147,0.000000,0,0.029183,-0.017515,551.248334
ISNE,NE,2016,366,8781,0.003105,0.015874,-0.095324,0.445355,14294.548030,0.000000,0,0.029214,-0.016563,540.511241
ISNE,NE,2017,365,8760,0.000605,0.015896,-0.052176,0.490411,13900.055564,0.000000,0,0.028528,-0.015098,503.818912
ISNE,NE,2018,365,8760,0.003869,0.014581,-0.088779,0.400000,14076.063756,0.000000,0,0.025620,-0.015016,478.810285
ISNE,NE,2019,365,8760,0.000914,0.012901,-0.061268,0.484932,13503.083425,0.000000,0,0.024249,-0.015972,436.821173
ISNE,NE,2020,366,8784,-0.000588,0.014379,-0.051681,0.516393,13160.946893,0.000000,0,0.023978,-0.014906,408.241598
ISNE,NE,2021,365,8760,0.000931,0.013216,-0.069557,0.452055,13369.602673,0.000000,0,0.023543,-0.015826,413.209227
ISNE,NE,2022,365,8760,0.009316,0.015789,-0.053498,0.282192,13347.715360,0.000000,0,0.023657,-0.012220,420.116977
ISNE,NE,2023,365,8760,0.008366,0.015708,-0.054195,0.304110,12785.792718,0.000000,0,0.024035,-0.012715,412.480927
ISNE,NE,2024,366,8784,0.001579,0.012005,-0.050108,0.431694,13026.960187,0.000000,0,0.027682,-0.020210,471.634656
ISNE,NE,2025,365,8758,0.001723,0.011018,-0.043233,0.463014,13159.647966,0.000000,0,0.025221,-0.018937,420.823296
ISNE,NE,2026,181,4343,0.001500,0.010863,-0.044322,0.408840,13234.831882,0.000000,0,0.032117,-0.027072,533.710677
JEA,FLA,2016,2,49,0.033777,0.033777,0.009979,0.000000,1123.551667,0.000000,0,0.085907,0.085729,103.969285
JEA,FLA,2017,217,5208,-0.008446,0.052824,-0.328194,0.543779,1609.657806,0.000000,0,0.072238,0.044250,156.933041
JEA,FLA,2018,360,8639,-0.000089,0.046255,-0.324843,0.475000,1505.040076,0.000000,0,0.059184,0.045114,115.844534
JEA,FLA,2019,295,7080,0.007291,0.039886,-0.143009,0.447458,1546.688559,0.000000,0,0.060334,0.049524,120.719737
JEA,FLA,2020,312,7488,-0.002183,0.044088,-0.143164,0.503205,1514.243590,0.000000,0,0.054774,0.038477,107.455679
JEA,FLA,2021,361,8664,-0.004703,0.043752,-0.384477,0.526316,1476.933073,0.000000,0,0.049454,0.034778,94.380501
JEA,FLA,2022,365,8760,-0.004800,0.039182,-0.186768,0.526027,1519.103707,0.000000,0,0.049218,0.033654,100.097221
JEA,FLA,2023,365,8760,-0.000661,0.036757,-0.523135,0.479452,1499.999752,0.000000,0,0.047079,0.036964,95.388979
JEA,FLA,2024,353,8471,0.001646,0.036466,-0.134302,0.475921,1561.361985,0.000000,0,0.048804,0.035381,97.464588
JEA,FLA,2025,365,8759,-0.001292,0.038028,-0.487445,0.473973,1578.089054,0.000000,1,0.046837,0.032919,100.061490
JEA,FLA,2026,181,4343,-0.006135,0.035404,-0.136105,0.519337,1536.967041,0.000000,0,0.044316,0.032456,87.697613
LDWP,CAL,2015,183,4386,0.003905,0.045509,-0.234879,0.448087,3532.477023,0.000000,0,0.047245,-0.001503,240.536793
LDWP,CAL,2016,365,8754,-0.006048,0.038110,-0.187363,0.523288,3256.594327,0.000000,0,0.042079,-0.000156,191.150717
LDWP,CAL,2017,364,8734,-0.027820,0.050086,-0.177882,0.741758,3295.926884,0.000000,0,0.047393,-0.019889,217.097557
LDWP,CAL,2018,349,8375,-0.047158,0.056417,-0.229645,0.856734,3193.552375,0.000000,0,0.055040,-0.036128,244.618754
LDWP,CAL,2019,362,8686,-0.067946,0.072543,-0.252449,0.886740,3066.779550,0.000000,0,0.069747,-0.061070,276.539922
LDWP,CAL,2020,364,8736,-0.055666,0.077696,-0.355100,0.835165,3014.118132,0.000000,0,0.081821,-0.055841,309.486037
LDWP,CAL,2021,359,8616,-0.132545,0.140183,-0.546858,0.913649,2931.100019,0.000000,0,0.123812,-0.108468,450.000329
LDWP,CAL,2022,364,8734,-0.111941,0.123202,-0.338297,0.865385,2956.142424,0.000000,0,0.106642,-0.086232,404.074708
LDWP,CAL,2023,361,8658,-0.074303,0.094398,-0.349187,0.811634,2674.827025,0.000000,0,0.065184,-0.026163,237.290359
LDWP,CAL,2024,361,8654,-0.055562,0.096972,-0.265737,0.778393,2611.799771,0.000000,8,0.084340,0.008262,300.166290
LDWP,CAL,2025,363,8710,-0.115275,0.122729,-0.554697,0.928375,2819.256125,0.000000,0,0.104870,-0.076702,358.480507
LDWP,CAL,2026,176,4221,-0.132751,0.133949,-0.396725,0.965909,2735.787642,0.000000,1,0.113782,-0.103462,369.891397
LGEE,MIDW,2015,182,4368,0.055865,0.146602,-0.229038,0.439560,4058.847527,0.000000,0,0.153030,0.083423,753.360131
LGEE,MIDW,2016,365,8760,-0.014637,0.047921,-0.376710,0.586301,4148.456963,0.000000,0,0.048397,0.005804,365.211693
LGEE,MIDW,2017,365,8760,-0.006765,0.032363,-0.168372,0.591781,4007.507763,0.000000,0,0.030674,0.006770,172.361645
LGEE,MIDW,2018,364,8736,-0.010520,0.039966,-0.206089,0.587912,4211.143887,0.000000,0,0.040254,0.003641,255.044823
LGEE,MIDW,2019,363,8710,0.028896,0.044148,-0.118757,0.264463,4152.125918,0.000000,1,0.050277,0.038873,252.214352
LGEE,MIDW,2020,363,8711,0.025971,0.039491,-0.104151,0.269972,3487.562098,0.000000,0,0.046833,0.039249,215.598116
LGEE,MIDW,2021,356,8543,-0.069965,0.080216,-0.352051,0.845506,2133.627575,0.000000,0,0.064769,-0.045791,460.233670
LGEE,MIDW,2022,365,8760,-0.074805,0.083297,-0.303880,0.950685,4297.005251,0.000000,0,0.072045,-0.059665,383.089702
LGEE,MIDW,2023,365,8760,-0.088920,0.092037,-0.196454,0.972603,4123.707078,0.000000,0,0.080040,-0.076021,365.246496
LGEE,MIDW,2024,366,8784,-0.088732,0.089247,-0.182662,0.986339,4288.982696,0.000000,0,0.078332,-0.076348,370.881894
LGEE,MIDW,2025,365,8760,-0.088487,0.088629,-0.533912,0.997260,4423.076256,0.000114,0,0.077322,-0.076620,381.894604
LGEE,MIDW,2026,181,4344,-0.091775,0.092939,-0.176931,0.988950,4346.887891,0.000000,0,0.084852,-0.084093,398.656070
MISO,MIDW,2015,184,4416,0.017323,0.025858,-0.050286,0.260870,75995.297554,0.000000,0,0.027394,0.021920,2394.916389
MISO,MIDW,2016,365,8758,0.028812,0.030136,-0.030422,0.082192,74265.729224,0.000000,0,0.031340,0.030198,2752.346518
MISO,MIDW,2017,365,8748,0.013642,0.019590,-0.051309,0.221918,73756.116581,0.000000,0,0.021700,0.017290,1987.816824
MISO,MIDW,2018,365,8759,0.020482,0.026418,-0.062630,0.189041,76261.022141,0.000000,0,0.026180,0.021072,2444.687435
MISO,MIDW,2019,365,8754,0.030494,0.031132,-0.021918,0.038356,74148.592749,0.000000,0,0.032239,0.031180,2798.756378
MISO,MIDW,2020,365,8760,0.031232,0.033614,-0.066954,0.071233,71048.195434,0.000000,0,0.031752,0.027352,2855.229518
MISO,MIDW,2021,364,8734,0.018752,0.023034,-0.046955,0.197802,73324.852987,0.000000,0,0.023038,0.017439,2305.754191
MISO,MIDW,2022,365,8757,0.025136,0.028069,-0.044503,0.131507,74560.389913,0.000000,0,0.029633,0.026124,2792.796536
MISO,MIDW,2023,365,8760,0.026194,0.027881,-0.030221,0.101370,73172.155479,0.000000,0,0.029783,0.028397,2674.433792
MISO,MIDW,2024,364,8736,0.016762,0.024291,-0.065394,0.230769,73561.033539,0.000000,0,0.027731,0.022453,2459.258459
MISO,MIDW,2025,364,8736,0.017643,0.021943,-0.047460,0.170330,75706.840659,0.000000,0,0.023800,0.019943,2209.310864
MISO,MIDW,2026,179,4291,0.019059,0.023705,-0.062312,0.150838,74393.559604,0.000000,0,0.026912,0.024294,2445.310771
NEVP,NW,2015,149,3577,0.007437,0.024449,-0.083257,0.429530,4395.111096,0.000000,0,0.027455,0.012910,200.291324
NEVP,NW,2016,365,8761,0.005677,0.030428,-0.249392,0.419178,4150.308416,0.000000,0,0.030648,0.015999,179.300988
NEVP,NW,2017,364,8737,-0.028702,0.033978,-0.126838,0.865385,4217.405325,0.000000,0,0.031018,-0.022752,196.103257
NEVP,NW,2018,362,8689,-0.041376,0.045690,-0.176130,0.917127,4323.556814,0.000000,0,0.040629,-0.034255,252.363594
NEVP,NW,2019,363,8713,-0.030670,0.036764,-0.247059,0.837466,4257.943871,0.000000,0,0.033863,-0.022531,200.375903
NEVP,NW,2020,365,8761,-0.011767,0.027713,-0.160266,0.673973,4287.412945,0.000000,0,0.028000,-0.004161,191.368093
NEVP,NW,2021,364,8736,-0.013583,0.034007,-0.173561,0.618132,4423.366758,0.000000,0,0.032487,-0.006172,225.955029
NEVP,NW,2022,365,8760,-0.037972,0.048153,-0.277984,0.797260,4509.945225,0.000000,0,0.049481,-0.036789,300.035444
NEVP,NW,2023,365,8760,-0.046131,0.052707,-0.385813,0.915068,4397.220203,0.000000,0,0.048022,-0.040561,278.788268
NEVP,NW,2024,366,8782,-0.071331,0.077103,-0.245125,0.926230,4683.780007,0.000000,2,0.067592,-0.056531,433.624245
NEVP,NW,2025,363,8687,-0.061559,0.063869,-0.242457,0.942149,4642.342350,0.000000,8,0.072859,-0.068080,425.394713
NEVP,NW,2026,179,4284,-0.060120,0.066174,-0.521893,0.837989,4539.702807,0.000000,2,0.085416,-0.078790,493.888904
NSB,FLA,2015,177,4248,-0.034044,0.082742,-0.295455,0.593220,50.140301,0.000000,0,0.076153,0.007325,5.749560
NSB,FLA,2016,351,8420,-0.027879,0.085890,-0.403226,0.612536,49.767127,0.000000,2,0.076960,0.006590,5.774833
NSB,FLA,2017,348,8346,-0.037359,0.083841,-0.518987,0.580460,49.658457,0.000000,5,0.078805,0.005408,5.907851
NSB,FLA,2018,267,6407,-0.040026,0.104165,-0.514019,0.655431,47.666714,0.000000,0,0.090422,0.006333,6.731152
NSB,FLA,2019,336,8055,-0.039959,0.088074,-0.592105,0.636905,52.033984,0.000000,2,0.081048,0.006296,6.167474
NSB,FLA,2020,4,96,-0.135922,0.135922,-0.246154,1.000000,44.770833,0.000000,0,0.102793,-0.021508,6.430721
NWMT,NW,2015,184,4417,-0.032252,0.046359,-0.159973,0.804348,1280.714918,0.000000,0,0.038980,-0.025153,64.071905
NWMT,NW,2016,366,8784,-0.024570,0.039069,-0.135115,0.734973,1258.538278,0.000000,0,0.036645,-0.013790,59.924963
NWMT,NW,2017,365,8759,-0.027252,0.041598,-0.436284,0.742466,1303.836303,0.000000,0,0.036520,-0.016293,61.982868
NWMT,NW,2018,363,8708,-0.027148,0.040294,-0.208483,0.757576,1332.743175,0.000000,0,0.034752,-0.014978,59.857026
NWMT,NW,2019,360,8635,-0.033968,0.040742,-0.149178,0.844444,1440.902792,0.000000,1,0.035895,-0.021472,65.594294
NWMT,NW,2020,355,8514,-0.020016,0.033085,-0.139951,0.738028,1316.381536,0.000000,1,0.031679,-0.004489,54.524912
NWMT,NW,2021,354,8495,-0.030422,0.042226,-0.613375,0.709040,1342.273834,0.000118,0,0.036538,-0.015210,118.461139
NWMT,NW,2022,365,8760,-0.004485,0.033858,-0.110632,0.652055,1355.317982,0.000000,0,0.040267,0.013827,92.346566
NWMT,NW,2023,365,8759,-0.006549,0.020855,-0.082136,0.624658,1363.516377,0.000000,0,0.021974,0.004536,46.044850
NWMT,NW,2024,366,8778,-0.013256,0.022168,-0.478463,0.724044,1386.565062,0.000119,5,0.017924,-0.000207,38.974744
NWMT,NW,2025,365,8752,-0.016615,0.025205,-0.398230,0.701370,1367.144393,0.000000,8,0.019974,0.000445,46.842538
NWMT,NW,2026,181,4340,-0.013687,0.028010,-0.129854,0.635359,1302.652254,0.000000,1,0.028240,0.005553,56.942153
NYIS,NY,2015,183,4392,-0.026813,0.030889,-0.089614,0.852459,18660.986029,0.000000,0,0.028491,-0.022594,677.975017
NYIS,NY,2016,365,8760,-0.023740,0.030210,-0.125425,0.830137,18309.788686,0.000000,0,0.030743,-0.024077,735.089671
NYIS,NY,2017,365,8758,-0.035868,0.037030,-0.118576,0.956164,17846.038532,0.000000,0,0.032661,-0.029631,721.247239
NYIS,NY,2018,364,8736,-0.034543,0.037288,-0.137563,0.936813,18393.504785,0.000000,0,0.035608,-0.031627,792.728298
NYIS,NY,2019,362,8687,-0.024197,0.027522,-0.118324,0.900552,17772.887161,0.000000,0,0.029058,-0.025824,616.818169
NYIS,NY,2020,366,8784,-0.017662,0.024087,-0.088258,0.833333,17099.033469,0.000000,0,0.025107,-0.017958,542.491121
NYIS,NY,2021,365,8760,-0.025128,0.029538,-0.128698,0.863014,17349.229285,0.000000,0,0.027111,-0.023510,588.111260
NYIS,NY,2022,365,8760,-0.023871,0.027206,-0.095567,0.865753,17429.653979,0.000000,0,0.025904,-0.022806,549.349240
NYIS,NY,2023,365,8760,-0.020970,0.025151,-0.101242,0.854795,16786.655884,0.000000,0,0.024137,-0.019378,511.342176
NYIS,NY,2024,364,8733,-0.027287,0.029405,-0.085041,0.917582,17183.848827,0.000000,0,0.027810,-0.024872,597.623224
NYIS,NY,2025,363,8710,-0.024865,0.027493,-0.097259,0.903581,17311.988173,0.000000,0,0.027001,-0.021464,603.165411
NYIS,NY,2026,179,4295,-0.025915,0.027579,-0.108096,0.938547,16878.047547,0.000000,0,0.027922,-0.020313,608.800604
OVEC,MIDA,2015,93,2231,-0.143099,0.153171,-0.409836,0.913978,81.331261,0.000000,0,0.171774,0.074845,16.095162
OVEC,MIDA,2016,239,5731,-0.130629,0.148955,-0.512195,0.887029,77.179060,0.000000,2,0.155580,0.063217,14.515691
OVEC,MIDA,2017,289,6926,0.084743,0.226333,-0.462185,0.491349,63.184671,0.000000,11,0.381458,0.341684,21.106898
OVEC,MIDA,2018,333,7966,0.035683,0.201838,-0.432624,0.504505,55.634527,0.000000,26,0.393267,0.340932,21.402061
PACE,NW,2015,156,3723,-0.028435,0.071298,-0.663151,0.596154,-6014.077991,0.000321,17,0.050773,0.003138,450.248788
PACE,NW,2016,297,7108,0.008506,0.063889,-0.638915,0.306397,5287.868903,0.000287,14,0.067172,0.059339,489.916354
PACE,NW,2017,348,8334,0.001873,0.051053,-0.463302,0.416667,5066.119963,0.000000,9,0.042018,0.030916,327.399585
PACE,NW,2018,365,8748,-0.003586,0.054855,-0.585509,0.372603,5553.799872,0.000228,7,0.042812,0.032759,357.357594
PACE,NW,2019,365,8760,0.015606,0.029651,-0.073525,0.345205,5566.290588,0.000000,0,0.038950,0.030849,277.902759
PACE,NW,2020,366,8784,0.048149,0.057791,-0.108504,0.174863,5369.624586,0.000000,0,0.066226,0.063110,430.377425
PACE,NW,2021,365,8759,0.021336,0.047357,-0.434347,0.331507,5649.162704,0.000000,0,0.055418,0.042942,408.450684
PACE,NW,2022,365,8759,0.030523,0.043076,-0.094079,0.265753,5777.364862,0.000000,0,0.062049,0.055669,428.541560
PACE,NW,2023,365,8758,0.015514,0.036912,-0.113084,0.400000,5799.008490,0.000000,1,0.047778,0.035888,355.476609
PACE,NW,2024,366,8784,0.010150,0.035825,-0.106515,0.418033,6007.529904,0.000000,0,0.041045,0.023547,328.260225
PACE,NW,2025,365,8760,0.010594,0.033808,-0.132170,0.367123,6119.277273,0.000000,0,0.041102,0.028874,325.746907
PACE,NW,2026,177,4245,-0.001837,0.034602,-0.109182,0.519774,5951.664865,0.000000,2,0.041938,0.025260,321.065883
PACW,NW,2015,127,3038,0.145173,0.165981,-0.215629,0.220472,2106.137467,0.000000,7,0.210995,0.199297,454.585965
PACW,NW,2016,290,6940,0.010133,0.041753,-0.484607,0.420690,4009.618747,0.000000,15,0.037730,0.023741,134.006160
PACW,NW,2017,339,8125,0.031279,0.051591,-0.228163,0.348083,2394.962299,0.000000,11,0.060248,0.048934,185.238338
PACW,NW,2018,364,8725,0.025041,0.044935,-0.233222,0.332418,2353.925019,0.000000,10,0.049848,0.040632,156.385035
PACW,NW,2019,365,8760,0.011737,0.029688,-0.343013,0.361644,2360.818585,0.000000,0,0.031316,0.020613,96.930700
PACW,NW,2020,366,8784,0.014842,0.031479,-0.163315,0.363388,2334.195150,0.000000,0,0.030251,0.019339,96.079831
PACW,NW,2021,365,8760,0.010347,0.032186,-0.503305,0.369863,2455.541099,0.000000,0,0.032872,0.022116,109.915537
PACW,NW,2022,365,8760,0.021762,0.041061,-0.316287,0.249315,2456.659424,0.000000,0,0.046995,0.030933,162.135617
PACW,NW,2023,365,8760,0.017328,0.035185,-0.123406,0.323288,2392.281264,0.000000,0,0.040347,0.029412,121.795264
PACW,NW,2024,366,8784,0.018736,0.033600,-0.132260,0.292350,2422.894607,0.000000,0,0.039749,0.029035,123.963860
PACW,NW,2025,365,8760,0.067975,0.077749,-0.103722,0.224658,2311.410086,0.000000,0,0.113610,0.105129,347.919068
PACW,NW,2026,181,4343,0.004065,0.024670,-0.121083,0.453039,2374.215650,0.000000,0,0.025585,0.009403,81.068310
PGE,NW,2015,109,2617,-0.001366,0.019428,-0.074297,0.532110,2382.669190,0.000000,0,0.018821,-0.003593,57.196605
PGE,NW,2016,366,8781,0.016175,0.028377,-0.081779,0.284153,2303.840456,0.000000,1,0.026282,0.015935,79.272242
PGE,NW,2017,365,8759,0.005507,0.029899,-0.117626,0.416438,2402.980241,0.000000,0,0.024189,0.007775,83.048593
PGE,NW,2018,363,8711,0.000092,0.022903,-0.212121,0.457300,2329.518393,0.000000,1,0.017080,0.004469,61.946513
PGE,NW,2019,364,8735,-0.005299,0.023021,-0.481406,0.587912,2348.318049,0.000000,0,0.019946,0.004715,77.983125
PGE,NW,2020,366,8783,-0.003923,0.024768,-0.312648,0.568306,2346.778517,0.000000,1,0.020023,0.003930,73.612434
PGE,NW,2021,365,8760,0.001653,0.026249,-0.099343,0.531507,2463.310745,0.000000,0,0.020784,0.005514,88.485937
PGE,NW,2022,365,8760,-0.000345,0.021004,-0.075953,0.432877,2549.259502,0.000000,0,0.015338,0.003773,61.537708
PGE,NW,2023,365,8760,-0.003033,0.019518,-0.097387,0.564384,2567.693066,0.000000,0,0.013781,-0.000851,61.951374
PGE,NW,2024,366,8784,-0.002936,0.016504,-0.077185,0.535519,2584.343583,0.000000,0,0.011937,0.000580,50.432091
PGE,NW,2025,365,8760,0.001573,0.017340,-0.078955,0.487671,2682.486947,0.000000,0,0.014253,0.003326,58.509624
PGE,NW,2026,181,4343,-0.009702,0.018654,-0.144090,0.602210,2677.369085,0.000000,0,0.015845,0.000905,63.849746
PJM,MIDA,2015,178,4255,-0.079231,0.090730,-0.655122,0.679775,89393.447331,0.000000,17,0.092916,-0.081392,21781.809267
PJM,MIDA,2016,365,8758,-0.006198,0.020110,-0.239315,0.668493,91925.061540,0.000000,0,0.023552,-0.011299,2808.099954
PJM,MIDA,2017,363,8712,-0.007250,0.018884,-0.090453,0.652893,90003.518710,0.000000,0,0.023400,-0.013047,2621.494968
PJM,MIDA,2018,363,8712,-0.006088,0.019355,-0.084674,0.622590,93830.692837,0.000000,0,0.024133,-0.013078,3049.781708
PJM,MIDA,2019,363,8711,-0.014579,0.023693,-0.314202,0.724518,91457.736111,0.000000,1,0.036409,-0.008096,4189.398301
PJM,MIDA,2020,363,8712,-0.022440,0.030336,-0.547731,0.757576,87742.199444,0.000344,1,0.038908,-0.009317,5051.704714
PJM,MIDA,2021,365,8757,-0.014179,0.022929,-0.107210,0.775342,559615.549856,0.000000,3,0.036216,-0.010951,4150.529777
PJM,MIDA,2022,364,8736,-0.015206,0.023578,-0.086956,0.774725,92483.912431,0.000000,0,0.036442,-0.013378,4191.677695
PJM,MIDA,2023,364,8735,-0.011417,0.020290,-0.070860,0.736264,89637.350668,0.000000,0,0.034503,-0.012113,3913.351871
PJM,MIDA,2024,364,8736,-0.015983,0.021549,-0.076908,0.810440,92860.948603,0.000000,0,0.035636,-0.015460,4167.546013
PJM,MIDA,2025,364,8735,-0.016310,0.023240,-0.089286,0.769231,96299.905508,0.000000,0,0.034372,-0.014574,4142.891787
PJM,MIDA,2026,180,4320,-0.017454,0.024688,-0.074559,0.794444,97078.981481,0.000000,0,0.034879,-0.015808,4150.389753
PNM,SW,2015,184,4416,-0.019979,0.038708,-0.104200,0.717391,1720.391984,0.000000,0,0.035805,-0.015819,74.482166
PNM,SW,2016,366,8784,0.009915,0.022964,-0.249773,0.308743,1640.526867,0.000000,0,0.028911,0.023991,61.224004
PNM,SW,2017,365,8760,0.012367,0.017345,-0.111111,0.180822,1562.307078,0.000000,0,0.024163,0.022224,45.357202
PNM,SW,2018,365,8760,0.009678,0.023310,-0.072097,0.353425,1582.003539,0.000000,0,0.026731,0.018834,56.188157
PNM,SW,2019,365,8760,0.004330,0.022934,-0.086399,0.446575,1595.569863,0.000000,0,0.027671,0.017177,71.760681
PNM,SW,2020,363,8712,0.004719,0.027933,-0.131450,0.438017,1565.176079,0.000000,0,0.033265,0.020784,69.976416
PNM,SW,2021,365,8760,-0.043464,0.050477,-0.354858,0.841096,1598.592694,0.000000,0,0.056018,-0.045884,109.524421
PNM,SW,2022,365,8760,-0.068966,0.069238,-0.166416,0.989041,1651.716553,0.000000,0,0.067862,-0.067074,122.946774
PNM,SW,2023,365,8760,-0.058198,0.058976,-0.165851,0.969863,1668.102968,0.000000,0,0.061527,-0.059905,114.993525
PNM,SW,2024,366,8784,-0.059626,0.062895,-0.236381,0.967213,1670.187386,0.000000,0,0.062864,-0.058579,116.433718
PNM,SW,2025,365,8760,-0.059851,0.060896,-0.195230,0.969863,1668.730822,0.000000,0,0.063811,-0.062343,121.720608
PNM,SW,2026,181,4344,-0.057633,0.058812,-0.148328,0.972376,1650.354282,0.000000,0,0.059032,-0.058025,117.021254
PSCO,NW,2015,184,4412,-0.045087,0.051555,-0.236806,0.891304,5089.278405,0.000000,1,0.045180,-0.038410,307.597890
PSCO,NW,2016,366,8780,-0.031863,0.039605,-0.458040,0.816940,4930.776506,0.000000,3,0.036643,-0.020901,256.207286
PSCO,NW,2017,363,8712,-0.026485,0.038103,-0.451823,0.837466,4941.986017,0.000000,0,0.031610,-0.020596,215.779940
PSCO,NW,2018,356,8542,-0.026380,0.039172,-0.285533,0.783708,5046.680427,0.000000,0,0.031227,-0.018476,222.457373
PSCO,NW,2019,333,7990,-0.018897,0.031662,-0.191073,0.735736,5448.535988,0.000000,0,0.030405,-0.018803,219.387168
PSCO,NW,2020,364,8735,-0.013277,0.034502,-0.145203,0.689560,5514.115165,0.000000,1,0.030405,-0.003257,235.299366
PSCO,NW,2021,365,8760,0.004887,0.025802,-0.079909,0.452055,5522.053647,0.000000,0,0.028528,0.012286,200.284734
PSCO,NW,2022,365,8758,-0.004728,0.028329,-0.341454,0.608219,5276.729794,0.000000,0,0.027780,-0.001422,210.216872
PSCO,NW,2023,355,8515,-0.053069,0.060542,-0.228203,0.819718,4941.221948,0.000000,3,0.044934,-0.019716,331.109381
PSCO,NW,2024,366,8781,-0.069888,0.075409,-0.405175,0.912568,5176.375738,0.000000,0,0.059880,-0.047443,402.028615
PSCO,NW,2025,365,8757,-0.091660,0.093347,-0.272903,0.956164,5173.388158,0.000000,0,0.075433,-0.069401,496.272554
PSCO,NW,2026,181,4338,-0.240509,0.240509,-0.601248,1.000000,5188.491623,0.000240,3,0.183005,-0.177256,1115.444333
PSEI,NW,2015,184,4411,-0.381465,0.381465,-0.607649,1.000000,3426.807228,0.000000,6,0.378326,-0.377552,1390.496603
PSEI,NW,2016,350,8352,-0.474830,0.474830,-0.664835,1.000000,3371.982701,0.000000,48,0.471299,-0.471290,1684.936690
PSEI,NW,2017,333,7920,-0.513843,0.513843,-0.665941,1.000000,3448.520271,0.000000,71,0.504800,-0.504800,1824.709024
PSEI,NW,2018,129,3016,-0.568134,0.568134,-0.664155,1.000000,3458.607727,0.000000,79,0.563009,-0.563009,1997.976295
PSEI,NW,2019,292,6957,-0.460676,0.460676,-0.660158,1.000000,3385.877892,0.000000,51,0.435953,-0.435953,1619.058389
PSEI,NW,2020,2,48,-0.411284,0.411284,-0.414751,1.000000,2797.583333,0.000000,0,0.363304,-0.363304,1074.570864
PSEI,NW,2021,353,8453,-0.350704,0.418287,-0.662290,0.957507,2742.301993,0.000000,19,0.391272,-0.302523,1188.538876
PSEI,NW,2022,349,8325,-0.436085,0.436085,-0.663961,1.000000,2887.869559,0.000000,51,0.401204,-0.398602,1302.151671
PSEI,NW,2023,364,8721,-0.305910,0.307016,-0.652647,0.986264,2844.064407,0.000000,15,0.246752,-0.218670,863.198018
PSEI,NW,2024,359,8600,-0.310555,0.310759,-0.655564,0.997214,2840.863581,0.000000,16,0.245464,-0.236710,848.095179
PSEI,NW,2025,365,8738,-0.345015,0.345033,-0.642030,0.997260,2838.458823,0.000000,22,0.298071,-0.290029,1006.612687
PSEI,NW,2026,110,2567,-0.564723,0.564723,-0.665336,1.000000,2755.332246,0.000000,72,0.531979,-0.531979,1534.541518
SC,CAR,2015,184,4417,-0.008597,0.032420,-0.316474,0.586957,2978.600897,0.000000,0,0.031185,0.006160,126.693456
SC,CAR,2016,364,8735,-0.005660,0.041774,-0.252082,0.587912,2831.073006,0.000000,0,0.044586,0.017022,171.744964
SC,CAR,2017,296,7099,-0.013990,0.049451,-0.363761,0.570946,2743.560762,0.000000,0,0.046064,0.006010,184.933253
SC,CAR,2018,289,6933,0.012381,0.046807,-0.145088,0.429066,2792.447232,0.000000,2,0.055744,0.026239,218.730938
SC,CAR,2019,363,8697,0.122885,0.124566,-0.141173,0.019284,2454.955793,0.000000,11,0.167376,0.166736,405.478136
SC,CAR,2020,364,8733,0.070522,0.086354,-0.169553,0.239011,2493.432349,0.000000,0,0.112343,0.102266,313.589423
SC,CAR,2021,364,8734,-0.002219,0.026704,-0.111210,0.563187,2840.086403,0.000000,0,0.029662,0.005789,114.489192
SC,CAR,2022,365,8758,-0.003751,0.027208,-0.147505,0.580822,2982.302668,0.000000,0,0.028763,0.007262,117.065391
SC,CAR,2023,365,8760,0.004377,0.026352,-0.100546,0.460274,2978.650531,0.000000,0,0.033550,0.022896,127.973950
SC,CAR,2024,365,8759,0.011920,0.026721,-0.172180,0.369863,3056.301059,0.000000,0,0.038121,0.030435,150.854885
SC,CAR,2025,364,8733,-0.004783,0.026454,-0.094348,0.598901,3147.674738,0.000000,0,0.033999,0.015445,144.425288
SC,CAR,2026,179,4294,-0.013481,0.032154,-0.115392,0.659218,3181.799433,0.000000,0,0.038546,0.010939,168.463904
SCEG,CAR,2015,184,4417,-0.004297,0.029305,-0.095495,0.581522,2781.032065,0.000000,0,0.028944,0.002050,112.924019
SCEG,CAR,2016,366,8784,-0.003048,0.028841,-0.129639,0.527322,2803.477879,0.000000,0,0.029345,0.006187,117.720164
SCEG,CAR,2017,364,8736,-0.001428,0.030206,-0.141379,0.576923,2749.668706,0.000000,0,0.029311,0.006472,114.929512
SCEG,CAR,2018,364,8733,-0.002355,0.029162,-0.138708,0.532967,2840.892041,0.000000,0,0.029501,0.005888,115.229845
SCEG,CAR,2019,364,8736,-0.010721,0.035281,-0.149362,0.648352,2812.481885,0.000000,0,0.045078,-0.015137,177.413710
SCEG,CAR,2020,366,8784,-0.029765,0.043621,-0.215758,0.765027,2736.424654,0.000000,0,0.051026,-0.035717,182.217613
SCEG,CAR,2021,360,8639,-0.030027,0.046193,-0.253584,0.694444,2784.413753,0.000000,0,0.048529,-0.032534,177.129789
SCEG,CAR,2022,365,8760,-0.040354,0.052232,-0.336882,0.780822,2832.341389,0.000000,0,0.052254,-0.036626,196.613344
SCEG,CAR,2023,361,8663,-0.040127,0.045319,-0.214179,0.869806,2722.623284,0.000000,0,0.043088,-0.035907,161.855080
SCEG,CAR,2024,362,8687,-0.039606,0.045414,-0.222295,0.839779,2803.711338,0.000000,0,0.045161,-0.038360,175.937691
SCEG,CAR,2025,348,8349,-0.048311,0.056943,-0.242806,0.833333,2837.485175,0.000000,2,0.048928,-0.037195,190.470694
SCEG,CAR,2026,166,3982,-0.048625,0.054048,-0.225705,0.873494,2810.249574,0.000000,1,0.050639,-0.039031,188.029651
SCL,NW,2015,183,4391,-0.011685,0.022735,-0.093364,0.715847,1101.984517,0.000000,1,0.019018,-0.000422,30.645110
SCL,NW,2016,362,8677,-0.008711,0.020823,-0.131783,0.643646,1099.691611,0.000000,5,0.018611,0.002907,30.467038
SCL,NW,2017,364,8708,-0.007210,0.020765,-0.190065,0.623626,1136.843606,0.000000,9,0.021215,0.007095,37.458567
SCL,NW,2018,364,8730,0.001796,0.021449,-0.177448,0.453297,1094.255071,0.000000,4,0.024669,0.011469,36.282034
SCL,NW,2019,360,8634,0.005281,0.020010,-0.089552,0.369444,1079.073546,0.000000,5,0.023482,0.012435,34.604931
SCL,NW,2020,360,8638,-0.014582,0.031139,-0.133024,0.633333,1038.317708,0.000000,0,0.030221,-0.006132,44.324484
SCL,NW,2021,365,8748,-0.048961,0.050392,-0.189255,0.928767,1077.293265,0.000000,8,0.043867,-0.038702,59.474101
SCL,NW,2022,365,8760,-0.061940,0.064457,-0.158197,0.936986,1107.246415,0.000000,0,0.050747,-0.046707,70.478606
SCL,NW,2023,365,8760,-0.028422,0.040573,-0.164024,0.761644,1087.770150,0.000000,0,0.034216,-0.016425,48.633702
SCL,NW,2024,365,8751,-0.021991,0.033457,-0.127771,0.745205,1073.593176,0.000000,4,0.031009,-0.013201,45.045028
SCL,NW,2025,365,8758,-0.035336,0.041829,-0.239792,0.830137,1075.359777,0.000000,0,0.033912,-0.022005,48.068905
SCL,NW,2026,181,4343,-0.040162,0.045293,-0.211708,0.867403,1100.835495,0.000000,0,0.034218,-0.024901,50.779850
SEC,FLA,2015,177,4245,-0.091674,0.106741,-0.348571,0.915254,147.856638,0.000000,0,0.093995,-0.047895,18.661096
SEC,FLA,2016,346,8275,-0.005760,0.108569,-0.627832,0.528902,141.960260,0.000000,18,0.117601,0.038672,22.061028
SEC,FLA,2017,310,7293,0.042824,0.185471,-0.660297,0.258065,9123.098656,0.000000,76,0.206659,0.147641,49.090829
SEC,FLA,2018,256,5932,-0.404096,0.415580,-0.663102,0.960938,189.598796,0.000000,169,0.363623,-0.092194,100.128649
SEC,FLA,2019,50,1152,-0.358453,0.391419,-0.663957,0.880000,184.205833,0.000000,42,0.370842,0.026872,83.814828
SEC,FLA,2020,156,3604,-0.349635,0.568161,-0.666667,0.839744,345.669338,0.000000,122,0.497663,-0.167434,292.092248
SEC,FLA,2021,280,6558,-0.184852,0.219266,-0.656627,0.839286,211.280952,0.000000,69,0.145527,-0.046579,57.175591
SEC,FLA,2022,357,8516,-0.132915,0.148022,-0.654197,0.901961,221.870565,0.000000,29,0.102912,-0.028921,34.436199
SEC,FLA,2023,356,8478,-0.136427,0.139099,-0.657971,0.969101,222.870787,0.000000,20,0.093755,-0.072435,31.519979
SEC,FLA,2024,361,8642,-0.109192,0.120262,-0.649171,0.919668,234.524354,0.000000,7,0.099114,-0.053994,33.616703
SEC,FLA,2025,355,8466,-0.095267,0.126377,-0.665474,0.859155,218.520923,0.000000,19,0.098672,-0.014074,37.128541
SEC,FLA,2026,178,4236,-0.201248,0.202324,-0.652510,0.977528,-98229.209137,0.000000,13,0.150114,-0.116110,55.234740
SOCO,SE,2015,152,3648,-0.014364,0.034879,-0.220903,0.684211,26165.861842,0.000000,0,0.038445,-0.020356,1235.289150
SOCO,SE,2016,353,8471,-0.001128,0.037192,-0.265991,0.566572,27093.595476,0.000000,0,0.040385,-0.012817,1345.173350
SOCO,SE,2017,346,8303,-0.020801,0.029888,-0.115838,0.829480,26607.660007,0.000000,0,0.038750,-0.029438,1190.777204
SOCO,SE,2018,257,6165,-0.020184,0.032391,-0.296600,0.801556,26229.467215,0.000000,0,0.035361,-0.020232,1171.728208
SOCO,SE,2019,364,8733,-0.021618,0.028701,-0.375839,0.818681,27236.485453,0.000000,1,0.038434,-0.030376,1215.565084
SOCO,SE,2020,366,8784,-0.023121,0.028300,-0.104618,0.852459,25893.777366,0.000000,0,0.037837,-0.032197,1116.375722
SOCO,SE,2021,365,8759,-0.017865,0.022442,-0.089371,0.830137,26595.753741,0.000000,0,0.030018,-0.024840,953.977571
SOCO,SE,2022,365,8759,-0.003952,0.013744,-0.063532,0.630137,27502.721867,0.000000,0,0.020852,-0.013345,702.594808
SOCO,SE,2023,365,8759,-0.003487,0.011120,-0.105053,0.723288,26195.074264,0.000000,0,0.020284,-0.013846,680.464685
SOCO,SE,2024,366,8783,-0.006458,0.007952,-0.024547,0.912568,27252.270115,0.000000,0,0.018931,-0.017213,611.500268
SOCO,SE,2025,365,8759,-0.014967,0.016205,-0.660483,0.931507,27571.972563,0.000342,0,0.012367,-0.009743,1086.765542
SOCO,SE,2026,181,4343,-0.010451,0.010548,-0.028827,0.988950,27165.910151,0.000000,0,0.010392,-0.010248,324.518876
SPA,CENT,2015,184,4407,-0.116528,0.150803,-0.655556,0.782609,74.457944,0.000000,10,0.120264,0.024750,13.679846
SPA,CENT,2016,366,8776,-0.085579,0.116812,-0.582609,0.751366,72.506419,0.000000,8,0.113808,0.040124,10.417012
SPA,CENT,2017,365,8757,-0.072226,0.110485,-0.449664,0.726027,71.071986,0.000000,3,0.118782,0.038260,10.666388
SPA,CENT,2018,365,8756,-0.059569,0.104192,-0.453947,0.679452,73.021643,0.000000,4,0.120425,0.055695,10.852335
SPA,CENT,2019,348,8348,-0.075711,0.105858,-0.494253,0.752874,74.813341,0.000000,0,0.111568,0.024523,10.450874
SPA,CENT,2020,355,8519,-0.048771,0.108240,-0.380531,0.650704,67.700865,0.000000,0,0.144173,0.078194,11.554700
SPA,CENT,2021,364,8734,-0.039685,0.111871,-0.445205,0.587912,65.553142,0.000000,2,0.148399,0.098024,11.765532
SPA,CENT,2022,357,8558,-0.045095,0.115936,-0.466667,0.593838,-165.902448,0.000000,6,0.168481,0.117893,12.971687
SPA,CENT,2023,287,6705,0.078770,0.204506,-0.645570,0.470383,54.087355,0.000000,179,0.357330,0.316979,15.917653
SPA,CENT,2024,198,4381,0.391277,0.414323,-0.595238,0.080808,24.142348,0.000000,368,0.962684,0.961066,24.123375
SPA,CENT,2025,193,4389,0.044537,0.341674,-0.619048,0.507772,21.807699,0.000000,209,0.607556,0.519807,15.672493
SPA,CENT,2026,37,789,-0.337619,0.344768,-0.666667,0.891892,25.697072,0.000000,30,0.304083,-0.010715,8.997324
SRP,SW,2015,137,3287,-0.048422,0.089628,-0.570042,0.635036,3330.215024,0.000000,1,0.056485,-0.001768,312.084279
SRP,SW,2016,365,8758,-0.020044,0.067883,-0.570364,0.553425,3356.425000,0.000000,0,0.051273,0.007579,277.697357
SRP,SW,2017,363,8710,0.000878,0.050445,-0.515092,0.493113,3398.643136,0.000000,1,0.050716,0.011952,250.088596
SRP,SW,2018,332,7968,0.001303,0.050590,-0.272801,0.500000,3376.504895,0.000000,0,0.047686,0.013675,249.461672
SRP,SW,2019,329,7895,-0.003814,0.028934,-0.400150,0.489362,3527.752026,0.000000,1,0.026049,0.006096,141.519901
SRP,SW,2020,362,8687,-0.010091,0.026875,-0.096131,0.726519,3654.328729,0.000000,0,0.023215,-0.003372,125.249695
SRP,SW,2021,364,8735,-0.011899,0.021547,-0.142901,0.739011,3628.453177,0.000000,0,0.020781,-0.002031,110.190047
SRP,SW,2022,174,4172,-0.013202,0.022602,-0.098733,0.695402,3412.327899,0.000000,3,0.020863,-0.001479,120.261953
SRP,SW,2023,348,8341,-0.023545,0.035439,-0.298440,0.747126,3953.659243,0.000000,11,0.025628,-0.008754,177.022252
SRP,SW,2024,362,8688,-0.025824,0.034065,-0.134301,0.803867,4075.618554,0.000000,0,0.031313,-0.019450,182.421783
SRP,SW,2025,365,8756,-0.034926,0.043836,-0.156095,0.860274,4157.053559,0.000000,1,0.039078,-0.024329,214.462539
SRP,SW,2026,181,4344,0.044253,0.083498,-0.137423,0.475138,3786.428177,0.000000,0,0.124720,0.093305,575.598009
SWPP,CENT,2015,183,4393,-0.003268,0.030428,-0.164758,0.530055,28830.375829,0.000000,0,0.029120,-0.000992,1230.269521
SWPP,CENT,2016,358,8592,0.000493,0.026435,-0.088459,0.516760,29261.863695,0.000000,0,0.025841,0.001825,1145.790914
SWPP,CENT,2017,360,8640,0.018999,0.037705,-0.169557,0.330556,29333.830744,0.000000,0,0.033795,0.020185,1310.836629
SWPP,CENT,2018,259,6216,0.018920,0.030972,-0.088185,0.297297,29225.493950,0.000000,0,0.033480,0.024762,1296.969909
SWPP,CENT,2019,364,8732,0.017072,0.036771,-0.494236,0.304945,30771.909843,0.000000,4,0.040179,0.027370,1804.351006
SWPP,CENT,2020,365,8760,0.033787,0.038784,-0.065256,0.161644,29842.792898,0.000000,0,0.041147,0.037239,1514.600811
SWPP,CENT,2021,364,8736,0.030484,0.035884,-0.199763,0.140110,30546.637285,0.000000,0,0.040233,0.034994,1862.003374
SWPP,CENT,2022,365,8760,0.022407,0.033991,-0.145297,0.230137,32248.704235,0.000000,0,0.037210,0.028738,1441.851097
SWPP,CENT,2023,365,8759,0.010831,0.027787,-0.092973,0.356164,32442.179523,0.000000,1,0.029663,0.018019,1233.911950
SWPP,CENT,2024,366,8783,-0.016248,0.025787,-0.171021,0.732240,33019.898228,0.000000,0,0.023222,-0.006063,1188.263997
SWPP,CENT,2025,364,8735,0.048411,0.071672,-0.164942,0.332418,34170.510122,0.000000,1,0.077064,0.062961,3314.177732
SWPP,CENT,2026,177,4247,0.090956,0.100273,-0.134737,0.141243,33616.040490,0.000000,0,0.113593,0.107695,4405.069810
SWPW,NW,2026,74,1776,-0.021720,0.038428,-0.162114,0.648649,2865.332770,0.000000,0,0.061664,0.009731,228.985634
TAL,FLA,2015,184,4417,-0.033634,0.044367,-0.127098,0.760870,321.940879,0.000000,0,0.031746,-0.012240,16.862204
TAL,FLA,2016,365,8760,-0.038909,0.052261,-0.501873,0.827397,317.668072,0.000000,0,0.038232,-0.016649,19.816472
TAL,FLA,2017,365,8760,-0.052774,0.060770,-0.356540,0.887671,317.416995,0.000000,0,0.041577,-0.025500,20.497255
TAL,FLA,2018,363,8712,-0.047703,0.058488,-0.543563,0.829201,322.128217,0.000000,0,0.040444,-0.020980,21.321361
TAL,FLA,2019,365,8760,-0.044007,0.048532,-0.190377,0.873973,326.547163,0.000000,0,0.032392,-0.022384,16.784907
TAL,FLA,2020,336,8064,-0.017100,0.017389,-0.104918,0.997024,311.049664,0.000000,0,0.014824,-0.014491,7.269183
TAL,FLA,2021,365,8760,-0.032626,0.038273,-0.507132,0.835616,311.376540,0.000000,0,0.025971,-0.014046,14.390779
TAL,FLA,2022,365,8760,-0.043853,0.052911,-0.191710,0.843836,317.706842,0.000000,0,0.036386,-0.019972,17.855905
TAL,FLA,2023,365,8760,-0.038396,0.048794,-0.198718,0.805479,315.503081,0.000000,0,0.035206,-0.016809,18.246354
TAL,FLA,2024,365,8760,-0.033646,0.052385,-0.327456,0.791781,325.399759,0.000000,0,0.042400,-0.012082,21.292060
TAL,FLA,2025,365,8759,-0.044605,0.059757,-0.218631,0.810959,329.746203,0.000000,0,0.041594,-0.019076,21.322595
TAL,FLA,2026,181,4342,-0.048677,0.064033,-0.223881,0.773481,320.537293,0.000000,0,0.046376,-0.020282,22.516558
TEC,FLA,2015,182,4368,-0.007160,0.051550,-0.303540,0.598901,2520.023810,0.000000,0,0.050915,0.002753,189.830387
TEC,FLA,2016,366,8784,-0.006941,0.041255,-0.212463,0.595628,2455.260215,0.000000,0,0.042799,0.001779,152.515989
TEC,FLA,2017,365,8760,0.000798,0.046842,-0.205245,0.509589,2473.234505,0.000000,0,0.048017,0.008577,180.652221
TEC,FLA,2018,365,8759,-0.009237,0.044805,-0.153617,0.605479,2480.369185,0.000000,0,0.047492,0.007822,167.133952
TEC,FLA,2019,365,8759,-0.016033,0.038195,-0.132959,0.654795,2459.628103,0.000000,0,0.040525,0.004298,142.411775
TEC,FLA,2020,363,8711,0.003135,0.042808,-0.166941,0.517906,2471.417228,0.000000,0,0.049896,0.022087,174.535251
TEC,FLA,2021,363,8712,0.001797,0.039774,-0.144853,0.534435,2475.551685,0.000000,0,0.044356,0.017281,161.224548
TEC,FLA,2022,365,8760,0.007346,0.041228,-0.163196,0.471233,2530.863085,0.000000,0,0.052675,0.025865,192.267819
TEC,FLA,2023,364,8736,0.002723,0.035915,-0.139719,0.486264,2552.902115,0.000000,0,0.043706,0.017234,164.486842
TEC,FLA,2024,365,8758,-0.006378,0.042352,-0.214536,0.569863,2548.549884,0.000000,1,0.047924,0.009490,170.148590
TEC,FLA,2025,365,8758,0.007144,0.038106,-0.142475,0.441096,2554.077675,0.000000,0,0.045327,0.019026,166.193651
TEC,FLA,2026,181,4343,-0.008281,0.029567,-0.114050,0.618785,2515.270048,0.000000,0,0.037052,0.004184,129.373599
TEPC,SW,2015,179,4293,-0.035612,0.099531,-0.619348,0.569832,1774.948790,0.000000,3,0.099887,-0.002943,235.895913
TEPC,SW,2016,342,8208,-0.029446,0.108829,-0.635866,0.616959,1681.237208,0.000000,0,0.110798,0.002596,283.827850
TEPC,SW,2017,365,8760,-0.013229,0.089792,-0.446203,0.526027,1683.140639,0.000000,0,0.071839,0.002644,199.333385
TEPC,SW,2018,336,8047,0.041600,0.194119,-0.455856,0.550595,1513.621528,0.000000,17,0.246816,0.154812,419.830103
TEPC,SW,2019,358,8577,-0.060724,0.211097,-0.518367,0.650838,1441.616387,0.000000,15,0.272115,0.151864,403.101093
TEPC,SW,2020,364,8726,-0.162369,0.192452,-0.399947,0.870879,1591.544591,0.000000,6,0.188390,-0.042383,389.818004
TEPC,SW,2021,261,6241,-0.246612,0.333826,-0.663228,0.739464,1475.605045,0.000000,23,0.283799,-0.090732,652.531532
TEPC,SW,2022,365,8756,0.055655,0.084816,-0.606365,0.306849,1516.698744,0.000114,4,0.132094,0.116376,238.745598
TEPC,SW,2023,361,8654,0.020612,0.059602,-0.147177,0.445983,1620.478647,0.000000,0,0.079234,0.055450,166.858105
TEPC,SW,2024,364,8734,-0.016819,0.030355,-0.148373,0.741758,1651.524038,0.000000,1,0.029915,0.004008,77.765836
TEPC,SW,2025,365,8760,-0.012097,0.024311,-0.108977,0.673973,1652.566667,0.000000,0,0.025106,0.001084,58.226054
TEPC,SW,2026,179,4296,-0.010917,0.025603,-0.158853,0.659218,1590.075885,0.000000,0,0.027324,0.001703,61.981225
TIDC,CAL,2015,183,4392,0.020341,0.040009,-0.092754,0.349727,317.451047,0.000000,0,0.032116,0.014725,18.310791
TIDC,CAL,2016,361,8658,0.000347,0.028243,-0.441584,0.454294,297.637987,0.000000,0,0.027583,0.002700,12.233328
TIDC,CAL,2017,363,8707,-0.000939,0.027458,-0.106599,0.515152,308.191637,0.000000,1,0.027729,0.000243,13.386507
TIDC,CAL,2018,358,8581,-0.001624,0.027600,-0.160221,0.469274,307.679309,0.000000,0,0.028233,0.001282,12.323571
TIDC,CAL,2019,357,8560,0.004585,0.026270,-0.097691,0.462185,309.160789,0.000000,0,0.026226,0.006563,11.793284
TIDC,CAL,2020,363,8706,0.006023,0.035834,-0.155224,0.484848,322.623939,0.000000,0,0.034602,0.010754,17.846555
TIDC,CAL,2021,358,8583,-0.007892,0.041429,-0.144628,0.561453,335.116051,0.000000,0,0.038912,-0.001520,18.975210
TIDC,CAL,2022,365,8744,0.001265,0.033394,-0.203237,0.476712,336.966697,0.000000,0,0.032596,0.008073,16.403475
TIDC,CAL,2023,365,8760,0.009953,0.034198,-0.149746,0.408219,322.452208,0.000000,0,0.038364,0.018248,16.500519
TIDC,CAL,2024,365,8759,-0.003810,0.031149,-0.141141,0.553425,335.319448,0.000000,0,0.031505,0.000880,15.511005
TIDC,CAL,2025,364,8735,-0.011507,0.028369,-0.128898,0.620879,325.159206,0.000000,0,0.030622,-0.000174,13.356025
TIDC,CAL,2026,180,4308,-0.008718,0.032745,-0.147692,0.588889,303.757669,0.000000,0,0.031271,0.000704,13.001821
TPWR,NW,2015,184,4417,0.000562,0.029506,-0.093596,0.440217,548.452899,0.000000,0,0.030120,0.010131,22.526406
TPWR,NW,2016,366,8784,-0.003957,0.025989,-0.138122,0.557377,547.850502,0.000000,0,0.027285,0.011493,20.841897
TPWR,NW,2017,365,8760,-0.004937,0.025810,-0.105063,0.547945,571.037130,0.000000,0,0.027021,0.009236,21.806004
TPWR,NW,2018,364,8736,-0.003707,0.022937,-0.114178,0.546703,554.550360,0.000000,0,0.027395,0.012334,21.554965
TPWR,NW,2019,365,8760,-0.000598,0.022932,-0.134959,0.490411,553.396929,0.000000,0,0.028872,0.016799,24.798402
TPWR,NW,2020,366,8784,-0.000292,0.024497,-0.121641,0.513661,546.623022,0.000000,0,0.027544,0.013895,20.229478
TPWR,NW,2021,365,8760,-0.000856,0.024118,-0.104651,0.528767,559.820631,0.000000,0,0.029961,0.016904,24.706080
TPWR,NW,2022,365,8760,0.004964,0.022805,-0.130094,0.397260,566.686882,0.000000,0,0.027981,0.018514,21.603922
TPWR,NW,2023,365,8760,0.004554,0.024994,-0.063253,0.471233,547.531340,0.000000,0,0.027573,0.016629,20.170744
TPWR,NW,2024,366,8784,0.000222,0.020902,-0.103672,0.442623,518.846761,0.000000,0,0.022411,0.012196,15.680885
TPWR,NW,2025,365,8760,0.002120,0.020759,-0.250000,0.438356,518.254009,0.000000,0,0.022400,0.012440,15.978842
TPWR,NW,2026,181,4343,-0.001974,0.019543,-0.087719,0.497238,527.284320,0.000000,0,0.022568,0.012761,15.429338
TVA,TEN,2015,182,4368,0.002674,0.023613,-0.113165,0.521978,17581.344322,0.000000,0,0.020611,0.007722,541.109946
TVA,TEN,2016,365,8757,0.000801,0.022821,-0.075415,0.512329,18292.956928,0.000000,3,0.021339,0.006174,573.785260
TVA,TEN,2017,354,8496,-0.002375,0.022244,-0.293424,0.548023,5968.250061,0.000000,0,0.020498,0.004858,543.597547
TVA,TEN,2018,346,8303,-0.001422,0.023537,-0.076433,0.554913,18567.062139,0.000000,0,0.021421,0.005120,559.030525
TVA,TEN,2019,364,8734,-0.003095,0.023974,-0.664199,0.538462,18203.171829,0.000114,0,0.022918,0.005299,711.780313
TVA,TEN,2020,365,8760,-0.007500,0.027346,-0.665009,0.597260,17458.885050,0.000000,1,0.022897,0.000891,641.999276
TVA,TEN,2021,365,8758,-0.001767,0.022678,-0.169295,0.578082,17104.127219,0.000000,1,0.020537,0.002442,537.208526
TVA,TEN,2022,364,8736,-0.001284,0.024716,-0.112361,0.521978,18904.233494,0.000000,0,0.023712,0.005627,629.240868
TVA,TEN,2023,365,8760,0.003513,0.024811,-0.080983,0.465753,18014.691205,0.000000,0,0.023906,0.009037,664.701219
TVA,TEN,2024,366,8783,0.003705,0.021803,-0.064853,0.469945,19953.667245,0.000000,1,0.021365,0.008660,567.691788
TVA,TEN,2025,365,8760,0.010089,0.023977,-0.084406,0.364384,19490.416080,0.000000,0,0.023129,0.012622,654.850024
TVA,TEN,2026,181,4343,0.013260,0.025771,-0.064258,0.325967,19171.171151,0.000000,0,0.023985,0.013185,693.253969
WACM,NW,2015,164,3935,-0.003039,0.029245,-0.227025,0.408537,2939.484248,0.000000,1,0.029959,0.017331,121.559382
WACM,NW,2016,363,8703,-0.015520,0.039372,-0.359907,0.586777,2847.766988,0.000000,4,0.036968,0.004706,134.849519
WACM,NW,2017,365,8753,-0.055055,0.056425,-0.583989,0.947945,2962.189155,0.000342,5,0.038073,-0.027387,184.040904
WACM,NW,2018,365,8747,-0.057821,0.062537,-0.342643,0.868493,3003.029680,0.000000,6,0.054745,-0.009808,207.533324
WACM,NW,2019,365,8749,-0.045775,0.052834,-0.616025,0.860274,2577.756963,0.000114,3,0.051186,0.006443,168.960382
WACM,NW,2020,366,8772,-0.063723,0.069561,-0.584465,0.920765,2286.851207,0.000119,2,0.063530,0.000561,188.935028
WACM,NW,2021,226,5404,-0.064049,0.086340,-0.490465,0.845133,2357.470501,0.000000,4,0.083226,0.001407,238.966803
WACM,NW,2022,365,8735,-0.101121,0.106700,-0.416952,0.950685,2993.452055,0.000000,7,0.096505,-0.059947,419.670323
WACM,NW,2023,365,8675,-0.155601,0.155870,-0.656458,0.994521,3682.368721,0.000114,5,0.140395,-0.139068,559.181855
WACM,NW,2024,366,8775,-0.185220,0.185220,-0.486884,1.000000,3865.601093,0.000228,5,0.161287,-0.160356,657.908468
WACM,NW,2025,364,8724,-0.180541,0.180541,-0.328995,1.000000,3928.117674,0.000000,8,0.156572,-0.156046,647.124514
WACM,NW,2026,82,1964,-0.130532,0.130532,-0.507064,1.000000,5558.611280,0.002541,3,0.099532,-0.099404,440.943902
WALC,SW,2015,182,4362,-0.018916,0.075122,-0.247463,0.626374,1018.659341,0.000000,3,0.069559,0.014280,100.713363
WALC,SW,2016,365,8741,-0.025607,0.084346,-0.526513,0.616438,997.259703,0.000000,16,0.076205,0.007757,102.501151
WALC,SW,2017,365,8743,-0.021004,0.101826,-0.504757,0.553425,1131.024087,0.000000,15,0.092410,0.006609,129.549832
WALC,SW,2018,364,8658,-0.026279,0.102010,-0.485185,0.587912,1491.935554,0.000000,70,0.096259,0.007471,144.340546
WALC,SW,2019,364,8723,-0.012214,0.105822,-0.423484,0.598901,1116.568910,0.000000,11,0.113030,0.014940,147.302540
WALC,SW,2020,366,8777,-0.029500,0.104984,-0.377440,0.606557,1133.142760,0.000000,7,0.096955,0.005698,143.099294
WALC,SW,2021,363,8687,-0.036802,0.104115,-0.414080,0.608815,1141.836318,0.000000,21,0.089240,0.010502,142.256709
WALC,SW,2022,365,8749,-0.029803,0.092507,-0.382102,0.621918,1069.682534,0.000000,9,0.077189,0.007540,116.179782
WALC,SW,2023,363,8691,-0.045007,0.123258,-0.480173,0.630854,957.485422,0.000000,10,0.114041,0.018337,146.525358
WALC,SW,2024,364,8626,-0.043400,0.112638,-0.546392,0.626374,855.995994,0.000000,53,0.094231,0.006163,123.237211
WALC,SW,2025,364,8729,-0.040791,0.114102,-0.406709,0.631868,1031.116300,0.000000,4,0.119187,0.013920,149.641473
WALC,SW,2026,180,4297,-0.105338,0.175796,-0.620803,0.716667,922.737037,0.000000,11,0.197613,0.011108,238.764777
WAUW,NW,2015,78,1872,-0.056040,0.073927,-0.217822,0.705128,88.705897,0.000000,0,0.068632,-0.006256,7.767832
WAUW,NW,2016,365,8760,-0.026868,0.057536,-0.402913,0.630137,88.315028,0.000114,0,0.064154,0.024017,7.244247
WAUW,NW,2017,365,8759,-0.030265,0.065609,-0.421053,0.668493,94.506733,0.000000,1,0.062544,0.014784,7.715900
WAUW,NW,2018,365,8759,-0.023221,0.059125,-0.329114,0.619178,96.384715,0.000000,0,0.063402,0.020031,7.731029
WAUW,NW,2019,365,8758,-0.018956,0.055668,-0.282828,0.597260,92.945766,0.000000,0,0.062707,0.021069,7.590739
WAUW,NW,2020,366,8783,-0.036020,0.058715,-0.524324,0.688525,92.407321,0.000000,0,0.057189,0.016982,7.326955
WAUW,NW,2021,365,8760,-0.024938,0.055929,-0.486486,0.663014,98.467603,0.000000,0,0.060335,0.022307,7.921367
WAUW,NW,2022,365,8760,-0.028553,0.056610,-0.242236,0.641096,100.508554,0.000000,0,0.064240,0.016962,8.248661
WAUW,NW,2023,365,8760,-0.027264,0.079405,-0.344000,0.652055,94.779863,0.000000,0,0.078207,0.024087,10.267362
WAUW,NW,2024,366,8784,-0.010051,0.082932,-0.237288,0.584699,91.511661,0.000000,0,0.094824,0.040299,11.009776
WAUW,NW,2025,365,8757,-0.004478,0.132301,-0.415584,0.569863,90.632071,0.000000,3,0.140394,0.042340,16.290363
WAUW,NW,2026,90,2159,-0.015652,0.113625,-0.500000,0.522222,94.053100,0.000000,0,0.125370,0.046797,14.997607
