rank,ba,region,days,hours,peak_hour_pct_error_mean,peak_hour_abs_pct_error_mean,worst_under_forecast_pct,p99_under_forecast_pct,under_forecast_day_share,mean_demand_mw,imputed_share,hours_implausible,mape,bias_pct,rmse_mw
1,ERCO,TEX,29,696,-0.000316,0.013568,-0.036630,-0.034737,0.517241,70521.007184,0.000000,0,0.013400,-0.004115,1201.748972
2,BPAT,NW,29,695,0.003310,0.015934,-0.034010,-0.033831,0.482759,6550.650862,0.000000,1,0.013943,0.007743,122.994022
3,AVA,NW,29,696,-0.003131,0.020158,-0.042819,-0.042252,0.586207,1241.022989,0.000000,0,0.014228,0.001554,24.909174
4,PGE,NW,29,696,0.015669,0.020946,-0.015771,-0.015583,0.310345,2505.324713,0.000000,0,0.018120,0.011946,66.568120
5,MISO,MIDW,29,696,0.024845,0.026193,-0.018834,-0.013758,0.068966,84458.597701,0.000000,0,0.021418,0.019661,2278.903890
6,NWMT,NW,29,696,-0.020326,0.030048,-0.121212,-0.107132,0.793103,1240.933908,0.000000,0,0.021680,-0.004768,38.195711
7,BANC,CAL,29,694,-0.044607,0.081020,-0.476314,-0.437541,0.620690,2119.860632,0.000000,2,0.023933,0.006015,133.402951
8,TVA,TEN,29,694,0.021032,0.028700,-0.043256,-0.040403,0.206897,25866.176724,0.000000,2,0.024014,0.011162,726.170538
9,PACW,NW,29,696,0.008663,0.027759,-0.072619,-0.066553,0.379310,2173.711207,0.000000,0,0.024796,0.014166,73.079049
10,SOCO,SE,29,695,0.004025,0.030029,-0.024282,-0.024113,0.758621,31864.298851,0.000000,0,0.024986,0.001190,1200.857153
11,SCL,NW,29,696,-0.014689,0.028515,-0.062668,-0.061911,0.689655,929.199713,0.000000,0,0.025155,-0.010426,28.758357
12,NYIS,NY,29,696,-0.022235,0.027273,-0.074424,-0.073632,0.896552,16984.647989,0.000000,0,0.027164,-0.022729,588.218669
13,DUK,CAR,29,696,0.000389,0.030895,-0.067666,-0.064686,0.517241,13980.254310,0.000000,0,0.027583,0.007165,581.278665
14,CPLE,CAR,29,696,-0.018619,0.035073,-0.077458,-0.072196,0.724138,7965.415230,0.000000,0,0.029039,-0.002079,321.490045
15,ISNE,NE,29,694,0.006973,0.011901,-0.019175,-0.018355,0.310345,12313.895865,0.000000,0,0.029094,-0.023073,434.111712
16,FPL,FLA,29,695,-0.028908,0.041687,-0.095440,-0.094213,0.758621,19246.955460,0.000000,1,0.029633,-0.007432,810.871462
17,TEC,FLA,29,696,-0.035989,0.041374,-0.088039,-0.085114,0.862069,2931.702586,0.000000,0,0.031650,-0.002785,130.830877
18,GCPD,NW,29,696,-0.036317,0.036511,-0.079156,-0.076211,0.931034,706.658046,0.000000,0,0.033121,-0.031234,27.219758
19,EPE,SW,27,647,-0.020691,0.034585,-0.099300,-0.088853,0.814815,1388.726315,0.000000,0,0.034934,-0.011814,72.445759
20,PJM,MIDA,29,696,-0.006788,0.022784,-0.055477,-0.055420,0.586207,102620.869253,0.000000,0,0.036921,-0.016471,4737.190028
21,TEPC,SW,29,696,-0.025424,0.043546,-0.139550,-0.129553,0.689655,1987.168103,0.000000,0,0.038551,0.002098,121.784327
22,CPLW,CAR,29,696,-0.059394,0.062781,-0.158416,-0.145750,0.965517,546.800287,0.000000,0,0.038740,-0.018843,30.888612
23,FMPP,FLA,29,696,0.026988,0.037534,-0.041405,-0.041299,0.172414,2488.064655,0.000000,0,0.039743,0.021237,130.139106
24,AECI,MIDW,29,696,-0.009174,0.012750,-0.024563,-0.023358,0.931034,2943.689655,0.000000,0,0.041320,0.002171,146.344706
25,IID,CAL,29,695,-0.006259,0.043158,-0.093882,-0.087634,0.517241,585.033046,0.000000,1,0.045222,0.009870,34.904742
26,JEA,FLA,29,696,-0.014294,0.046372,-0.110783,-0.109159,0.689655,1815.323276,0.000000,0,0.045281,0.025945,108.426998
27,SC,CAR,25,596,0.004917,0.031713,-0.063131,-0.061341,0.440000,3526.328333,0.000000,4,0.046485,0.036705,203.769354
28,IPCO,NW,29,696,-0.043004,0.057374,-0.127970,-0.123078,0.862069,2139.702586,0.000000,0,0.051575,0.002833,137.724535
29,PNM,SW,29,696,-0.051208,0.055295,-0.181313,-0.157727,0.896552,1868.808908,0.000000,0,0.053536,-0.048315,109.386278
30,SCEG,CAR,29,696,-0.039200,0.045573,-0.123320,-0.117142,0.862069,3297.081897,0.000000,0,0.053891,-0.039917,214.711745
31,LDWP,CAL,28,672,-0.046074,0.060940,-0.122887,-0.121899,0.821429,3413.870536,0.000000,0,0.066741,-0.052270,292.773394
32,SWPP,CENT,29,696,0.059302,0.068414,-0.045969,-0.041602,0.241379,40710.912356,0.000000,0,0.071749,0.067136,3730.711891
33,BHBA,NW,29,696,-0.075832,0.077262,-0.155188,-0.153131,0.965517,888.379310,0.000000,0,0.072201,-0.070707,72.379775
34,LGEE,MIDW,29,696,-0.079532,0.081683,-0.148717,-0.142348,0.965517,4927.885057,0.000000,0,0.072278,-0.070363,404.558337
35,NEVP,NW,29,696,-0.057633,0.058024,-0.201438,-0.200219,0.965517,5717.502874,0.000000,0,0.077538,-0.076018,588.128512
36,PACE,NW,29,695,-0.019576,0.040018,-0.101345,-0.099665,0.689655,6151.706897,0.000000,1,0.078765,0.049573,608.459216
37,CISO,CAL,29,696,-0.073350,0.085833,-0.303844,-0.301951,0.758621,30663.109195,0.000000,0,0.084044,-0.076062,3993.200861
38,AZPS,SW,29,696,-0.069387,0.072997,-0.164287,-0.158629,0.965517,5956.159483,0.000000,0,0.092447,-0.040985,629.258053
39,SRP,SW,29,696,0.060159,0.081586,-0.087756,-0.078599,0.310345,5006.017241,0.000000,0,0.132303,0.120378,754.222823
40,WALC,SW,29,692,-0.105428,0.142389,-0.411189,-0.391609,0.793103,1038.913793,0.000000,1,0.140936,-0.002448,183.519628
41,SWPW,NW,29,696,0.127259,0.135859,-0.049821,-0.048245,0.172414,3024.491379,0.000000,0,0.153152,0.149011,568.141894
42,FPC,FLA,29,696,-0.258643,0.258643,-0.299813,-0.298331,1.000000,7794.359195,0.000000,0,0.238887,-0.238887,1962.230401
43,PSCO,NW,29,696,-0.281648,0.281648,-0.378743,-0.377873,1.000000,5387.116379,0.000000,0,0.239873,-0.239868,1426.905674
44,PSEI,NW,20,467,-0.299136,0.299136,-0.471052,-0.458575,1.000000,2421.325000,0.000000,13,0.302738,-0.301957,802.343616
