rank,ba,region,days,hours,peak_hour_pct_error_mean,peak_hour_abs_pct_error_mean,worst_under_forecast_pct,p99_under_forecast_pct,under_forecast_day_share,mean_demand_mw,imputed_share,hours_implausible,mape,bias_pct,rmse_mw,median_daily_bias_pct
1,PGE,NW,4040,96951,0.000626,0.022629,-0.481406,-0.076250,0.491832,2471.113355,0.000000,5,0.018180,0.004565,69.931535,0.003530
2,BPAT,NW,4116,98782,-0.004537,0.021334,-0.499165,-0.069975,0.569971,6520.277235,0.000000,2,0.020002,0.001167,182.875952,0.000727
3,TVA,TEN,4082,97950,0.001467,0.023570,-0.293424,-0.069030,0.501225,17491.956006,0.000000,12,0.022229,0.006652,597.509195,0.005663
4,ERCO,TEX,4103,98472,0.004177,0.025180,-0.149778,-0.080185,0.464538,47167.948602,0.000000,0,0.024545,0.004043,1675.204269,0.002323
5,GCPD,NW,4116,98782,-0.018225,0.024857,-0.319756,-0.086826,0.762391,656.741337,0.000000,0,0.024713,-0.013477,21.052751,-0.013628
6,ISNE,NE,4118,98826,0.002797,0.014045,-0.095324,-0.046343,0.426663,13517.873128,0.000000,0,0.026128,-0.016516,463.990355,-0.016330
7,TPWR,NW,4116,98781,-0.000165,0.023561,-0.250000,-0.074269,0.489067,545.071603,0.000000,3,0.026522,0.013687,20.400791,0.012794
8,BANC,CAL,4057,97224,-0.006227,0.038932,-0.496454,-0.346622,0.511215,1863.020989,0.000000,84,0.027113,0.002741,98.648628,0.001874
9,MISO,MIDW,4110,98609,0.022550,0.026488,-0.066954,-0.035874,0.148905,74407.231377,0.000000,0,0.027559,0.023969,2536.111047,0.024295
10,DUK,CAR,4113,98707,0.001034,0.029669,-0.376675,-0.099705,0.496475,12117.587325,0.000000,0,0.028063,0.005130,534.095017,0.004314
11,SOCO,SE,3945,94656,-0.012571,0.021793,-0.375839,-0.079093,0.797972,26969.825027,0.000000,7,0.028236,-0.019707,964.420943,-0.018931
12,NYIS,NY,4106,98535,-0.025556,0.029355,-0.137563,-0.085802,0.883341,17591.415683,0.000000,0,0.028371,-0.023582,631.973023,-0.024388
13,SCL,NW,4099,98293,-0.022485,0.034428,-0.239792,-0.118757,0.705050,1085.446476,0.000000,41,0.030697,-0.011352,46.006844,-0.007026
14,NWMT,NW,4088,98069,-0.020302,0.033881,-0.498834,-0.122975,0.721135,1342.192728,0.000011,24,0.031078,-0.006869,64.846510,-0.006377
15,PJM,MIDA,4075,97791,-0.012720,0.022294,-0.493133,-0.067598,0.726871,134164.015852,0.000020,6,0.032245,-0.012318,3872.364268,-0.012863
16,EPE,SW,4113,98656,-0.005845,0.035605,-0.482759,-0.145921,0.554826,1011.063691,0.000000,25,0.032946,0.007488,49.953859,0.005562
17,AECI,MIDW,4117,98803,-0.020434,0.039914,-0.232963,-0.145568,0.684965,2554.998515,0.000000,0,0.038219,-0.008367,138.971075,-0.005026
18,CPLE,CAR,4077,97842,0.006347,0.038961,-0.303848,-0.118736,0.469218,7013.885266,0.000000,2,0.039818,0.012381,402.743322,0.009127
19,SRP,SW,3780,90663,-0.009323,0.041386,-0.497844,-0.177678,0.641534,3709.746301,0.000000,48,0.040996,0.004679,250.942398,-0.003233
20,FPL,FLA,4067,97522,-0.031240,0.044540,-0.492684,-0.163497,0.759528,15467.983299,0.000000,25,0.041857,-0.021644,849.646681,-0.021602
21,SWPP,CENT,3971,95301,0.021921,0.039960,-0.199763,-0.089033,0.336439,31351.298384,0.000000,2,0.042032,0.028747,1968.286422,0.021442
22,IPCO,NW,4113,98703,0.006325,0.034167,-0.366892,-0.165527,0.372964,2046.145521,0.000000,5,0.042102,0.024338,120.995081,0.022479
23,SCEG,CAR,4070,97670,-0.024684,0.041109,-0.336882,-0.174080,0.711302,2808.302498,0.000000,3,0.042106,-0.021153,164.121250,-0.024360
24,AVA,NW,4080,97892,0.017688,0.036949,-0.393871,-0.070276,0.471324,1439.601277,0.000000,20,0.042465,0.030605,87.129635,0.006417
25,CPLW,CAR,4074,97771,-0.014669,0.046854,-0.439689,-0.165307,0.603338,564.081070,0.000000,0,0.042556,0.005459,35.351020,0.002594
26,CISO,CAL,4095,98220,-0.010777,0.032553,-0.416693,-0.289336,0.549206,25691.841367,0.000000,4,0.043510,-0.017328,1800.583353,-0.012581
27,AZPS,SW,4100,98363,-0.007820,0.035363,-0.484538,-0.174761,0.516829,3831.775701,0.000000,31,0.043939,-0.002263,261.394018,0.002584
28,NEVP,NW,4069,97620,-0.033985,0.045648,-0.440309,-0.198480,0.782993,4445.435441,0.000000,14,0.045526,-0.029374,304.473861,-0.028890
29,TEC,FLA,4108,98578,-0.002815,0.040954,-0.303540,-0.129837,0.550876,2514.213723,0.000000,7,0.045669,0.012021,166.321160,0.007975
30,PNM,SW,4115,98757,-0.026952,0.042761,-0.354858,-0.131393,0.671689,1634.958293,0.000000,3,0.045731,-0.021526,94.883568,-0.022886
31,PACE,NW,3999,95894,0.014551,0.044936,-0.500000,-0.202838,0.357839,5215.154154,0.000010,55,0.050690,0.038754,382.689408,0.036524
32,PSCO,NW,4062,97453,-0.049598,0.061876,-0.458040,-0.349037,0.783604,5211.184074,0.000000,14,0.051744,-0.034578,461.002625,-0.022603
33,PACW,NW,3957,94912,0.025652,0.044599,-0.484607,-0.096316,0.332322,2497.143412,0.000000,46,0.051803,0.040109,180.587215,0.024414
34,JEA,FLA,3275,78596,-0.001802,0.040726,-0.487445,-0.137307,0.497710,1541.785912,0.000000,2,0.052375,0.037904,107.326614,0.036327
35,SC,CAR,3956,94898,0.016634,0.046179,-0.363761,-0.116096,0.457280,2877.836839,0.000000,23,0.056583,0.037669,208.679318,0.019324
36,FMPP,FLA,4035,96783,-0.018604,0.056188,-0.496721,-0.328132,0.541264,2131.268937,0.000000,38,0.058931,-0.004955,202.443762,0.005395
37,LGEE,MIDW,4099,98371,-0.037897,0.069097,-0.376710,-0.233114,0.712857,3978.405719,0.000000,2,0.064595,-0.023097,366.688547,-0.030946
38,LDWP,CAL,4065,97515,-0.068405,0.086645,-0.396725,-0.298156,0.806642,3011.141554,0.000000,14,0.077733,-0.047715,308.307775,-0.047042
39,WACM,NW,3754,89861,-0.089643,0.096852,-0.499799,-0.269878,0.880394,3126.193305,0.000047,84,0.085620,-0.054305,388.062496,-0.033668
40,WALC,SW,4096,97866,-0.033191,0.105941,-0.485185,-0.368105,0.614746,1079.674835,0.000000,326,0.099754,0.010616,138.685061,0.000590
41,TEPC,SW,3814,91336,-0.033835,0.102885,-0.499176,-0.439216,0.612218,1611.904011,0.000000,185,0.110346,0.028122,255.015207,0.006428
42,FPC,FLA,4098,98320,-0.234404,0.234528,-0.480168,-0.345571,0.998780,6378.900821,0.000000,4,0.220584,-0.220247,1511.391852,-0.222207
